Terminals which are not used

   SEMICOLON


State 85 conflicts: 14 shift/reduce
State 86 conflicts: 1 shift/reduce
State 139 conflicts: 14 shift/reduce


Grammar

    0 $accept: program $end

    1 program: top_level_list

    2 top_level_list: top_level_item
    3               | top_level_list top_level_item

    4 top_level_item: global_decl
    5               | function_decl

    6 global_decl: INT ID ';'
    7            | DOUBLE ID ';'
    8            | INT ID '=' expr ';'
    9            | INT ID LBRACKET NUM RBRACKET ';'
   10            | INT ID LBRACKET NUM RBRACKET LBRACKET NUM RBRACKET ';'

   11 function_decl: INT ID LPAREN param_list RPAREN block
   12              | VOID ID LPAREN param_list RPAREN block
   13              | INT MAIN LPAREN RPAREN block
   14              | VOID MAIN LPAREN RPAREN block

   15 block: LBRACE stmt_list RBRACE
   16      | LBRACE RBRACE

   17 param_list: /* empty */
   18           | non_empty_param_list

   19 non_empty_param_list: param
   20                     | non_empty_param_list COMMA param

   21 param: INT ID
   22      | DOUBLE ID
   23      | INT ID LBRACKET RBRACKET
   24      | DOUBLE ID LBRACKET RBRACKET

   25 stmt_list: stmt
   26          | stmt_list stmt

   27 stmt: decl
   28     | assign
   29     | print_stmt
   30     | while_stmt
   31     | for_stmt
   32     | if_stmt
   33     | switch_stmt
   34     | block
   35     | BREAK ';'
   36     | RETURN expr ';'
   37     | RETURN ';'
   38     | ID LPAREN expr RPAREN ';'
   39     | ID LPAREN RPAREN ';'

   40 decl: INT ID ';'
   41     | DOUBLE ID ';'
   42     | INT ID '=' expr ';'
   43     | INT ID LBRACKET NUM RBRACKET ';'
   44     | INT ID LBRACKET NUM RBRACKET LBRACKET NUM RBRACKET ';'

   45 assign: ID '=' expr ';'
   46       | ID LBRACKET expr RBRACKET '=' expr ';'
   47       | ID LBRACKET expr RBRACKET LBRACKET expr RBRACKET '=' expr ';'

   48 expr: NUM
   49     | FLOAT_NUM
   50     | ID
   51     | expr '+' expr
   52     | expr '-' expr
   53     | expr '*' expr
   54     | expr '/' expr
   55     | expr '%' expr
   56     | expr '<' expr
   57     | expr '>' expr
   58     | expr EQ expr
   59     | expr LE expr
   60     | expr GE expr
   61     | expr NEQ expr
   62     | expr AND expr
   63     | expr OR expr
   64     | NOT expr
   65     | '-' expr
   66     | LPAREN expr RPAREN
   67     | ID LBRACKET expr RBRACKET
   68     | ID LBRACKET expr RBRACKET LBRACKET expr RBRACKET
   69     | ID LPAREN expr RPAREN
   70     | ID LPAREN RPAREN
   71     | expr IS value_list

   72 value_list: expr
   73           | value_list COMMA expr

   74 print_stmt: PRINT LPAREN expr RPAREN ';'

   75 while_stmt: WHILE LPAREN expr RPAREN stmt

   76 for_stmt: FOR LPAREN ID '=' expr ';' expr ';' ID '=' expr RPAREN stmt

   77 if_stmt: IF LPAREN expr RPAREN stmt
   78        | IF LPAREN expr RPAREN stmt ELSE stmt

   79 switch_stmt: SWITCH LPAREN expr RPAREN LBRACE case_list RBRACE

   80 case_list: case_stmt
   81          | case_stmt case_list

   82 case_stmt: CASE NUM COLON stmt_list
   83          | CASE NUM COLON
   84          | DEFAULT COLON stmt_list
   85          | DEFAULT COLON


Terminals, with rules where they appear

$end (0) 0
'%' (37) 55
'*' (42) 53
'+' (43) 51
'-' (45) 52 65
'/' (47) 54
';' (59) 6 7 8 9 10 35 36 37 38 39 40 41 42 43 44 45 46 47 74 76
'<' (60) 56
'=' (61) 8 42 45 46 47 76
'>' (62) 57
error (256)
NUM (258) 9 10 43 44 48 82 83
FLOAT_NUM (259) 49
ID (260) 6 7 8 9 10 11 12 21 22 23 24 38 39 40 41 42 43 44 45 46 47
    50 67 68 69 70 76
INT (261) 6 8 9 10 11 13 21 23 40 42 43 44
DOUBLE (262) 7 22 24 41
PRINT (263) 74
WHILE (264) 75
FOR (265) 76
IF (266) 77 78
ELSE (267) 78
VOID (268) 12 14
RETURN (269) 36 37
MAIN (270) 13 14
LBRACE (271) 15 16 79
RBRACE (272) 15 16 79
LPAREN (273) 11 12 13 14 38 39 66 69 70 74 75 76 77 78 79
RPAREN (274) 11 12 13 14 38 39 66 69 70 74 75 76 77 78 79
LBRACKET (275) 9 10 23 24 43 44 46 47 67 68
RBRACKET (276) 9 10 23 24 43 44 46 47 67 68
COMMA (277) 20 73
SEMICOLON (278)
AND (279) 62
OR (280) 63
NOT (281) 64
EQ (282) 58
LE (283) 59
GE (284) 60
NEQ (285) 61
IS (286) 71
SWITCH (287) 79
CASE (288) 82 83
DEFAULT (289) 84 85
BREAK (290) 35
COLON (291) 82 83 84 85
LOWER_THAN_ELSE (292)
UMINUS (293)


Nonterminals, with rules where they appear

$accept (48)
    on left: 0
program (49)
    on left: 1, on right: 0
top_level_list (50)
    on left: 2 3, on right: 1 3
top_level_item (51)
    on left: 4 5, on right: 2 3
global_decl (52)
    on left: 6 7 8 9 10, on right: 4
function_decl (53)
    on left: 11 12 13 14, on right: 5
block (54)
    on left: 15 16, on right: 11 12 13 14 34
param_list (55)
    on left: 17 18, on right: 11 12
non_empty_param_list (56)
    on left: 19 20, on right: 18 20
param (57)
    on left: 21 22 23 24, on right: 19 20
stmt_list (58)
    on left: 25 26, on right: 15 26 82 84
stmt (59)
    on left: 27 28 29 30 31 32 33 34 35 36 37 38 39,
    on right: 25 26 75 76 77 78
decl (60)
    on left: 40 41 42 43 44, on right: 27
assign (61)
    on left: 45 46 47, on right: 28
expr (62)
    on left: 48 49 50 51 52 53 54 55 56 57 58 59 60 61 62 63 64 65
    66 67 68 69 70 71, on right: 8 36 38 42 45 46 47 51 52 53 54 55
    56 57 58 59 60 61 62 63 64 65 66 67 68 69 71 72 73 74 75 76 77
    78 79
value_list (63)
    on left: 72 73, on right: 71 73
print_stmt (64)
    on left: 74, on right: 29
while_stmt (65)
    on left: 75, on right: 30
for_stmt (66)
    on left: 76, on right: 31
if_stmt (67)
    on left: 77 78, on right: 32
switch_stmt (68)
    on left: 79, on right: 33
case_list (69)
    on left: 80 81, on right: 79 81
case_stmt (70)
    on left: 82 83 84 85, on right: 80 81


state 0

    0 $accept: . program $end
    1 program: . top_level_list
    2 top_level_list: . top_level_item
    3               | . top_level_list top_level_item
    4 top_level_item: . global_decl
    5               | . function_decl
    6 global_decl: . INT ID ';'
    7            | . DOUBLE ID ';'
    8            | . INT ID '=' expr ';'
    9            | . INT ID LBRACKET NUM RBRACKET ';'
   10            | . INT ID LBRACKET NUM RBRACKET LBRACKET NUM RBRACKET ';'
   11 function_decl: . INT ID LPAREN param_list RPAREN block
   12              | . VOID ID LPAREN param_list RPAREN block
   13              | . INT MAIN LPAREN RPAREN block
   14              | . VOID MAIN LPAREN RPAREN block

    INT     shift, and go to state 1
    DOUBLE  shift, and go to state 2
    VOID    shift, and go to state 3

    program         go to state 4
    top_level_list  go to state 5
    top_level_item  go to state 6
    global_decl     go to state 7
    function_decl   go to state 8


state 1

    6 global_decl: INT . ID ';'
    8            | INT . ID '=' expr ';'
    9            | INT . ID LBRACKET NUM RBRACKET ';'
   10            | INT . ID LBRACKET NUM RBRACKET LBRACKET NUM RBRACKET ';'
   11 function_decl: INT . ID LPAREN param_list RPAREN block
   13              | INT . MAIN LPAREN RPAREN block

    ID    shift, and go to state 9
    MAIN  shift, and go to state 10


state 2

    7 global_decl: DOUBLE . ID ';'

    ID  shift, and go to state 11


state 3

   12 function_decl: VOID . ID LPAREN param_list RPAREN block
   14              | VOID . MAIN LPAREN RPAREN block

    ID    shift, and go to state 12
    MAIN  shift, and go to state 13


state 4

    0 $accept: program . $end

    $end  shift, and go to state 14


state 5

    1 program: top_level_list .  [$end]
    3 top_level_list: top_level_list . top_level_item
    4 top_level_item: . global_decl
    5               | . function_decl
    6 global_decl: . INT ID ';'
    7            | . DOUBLE ID ';'
    8            | . INT ID '=' expr ';'
    9            | . INT ID LBRACKET NUM RBRACKET ';'
   10            | . INT ID LBRACKET NUM RBRACKET LBRACKET NUM RBRACKET ';'
   11 function_decl: . INT ID LPAREN param_list RPAREN block
   12              | . VOID ID LPAREN param_list RPAREN block
   13              | . INT MAIN LPAREN RPAREN block
   14              | . VOID MAIN LPAREN RPAREN block

    INT     shift, and go to state 1
    DOUBLE  shift, and go to state 2
    VOID    shift, and go to state 3

    $default  reduce using rule 1 (program)

    top_level_item  go to state 15
    global_decl     go to state 7
    function_decl   go to state 8


state 6

    2 top_level_list: top_level_item .

    $default  reduce using rule 2 (top_level_list)


state 7

    4 top_level_item: global_decl .

    $default  reduce using rule 4 (top_level_item)


state 8

    5 top_level_item: function_decl .

    $default  reduce using rule 5 (top_level_item)


state 9

    6 global_decl: INT ID . ';'
    8            | INT ID . '=' expr ';'
    9            | INT ID . LBRACKET NUM RBRACKET ';'
   10            | INT ID . LBRACKET NUM RBRACKET LBRACKET NUM RBRACKET ';'
   11 function_decl: INT ID . LPAREN param_list RPAREN block

    LPAREN    shift, and go to state 16
    LBRACKET  shift, and go to state 17
    ';'       shift, and go to state 18
    '='       shift, and go to state 19


state 10

   13 function_decl: INT MAIN . LPAREN RPAREN block

    LPAREN  shift, and go to state 20


state 11

    7 global_decl: DOUBLE ID . ';'

    ';'  shift, and go to state 21


state 12

   12 function_decl: VOID ID . LPAREN param_list RPAREN block

    LPAREN  shift, and go to state 22


state 13

   14 function_decl: VOID MAIN . LPAREN RPAREN block

    LPAREN  shift, and go to state 23


state 14

    0 $accept: program $end .

    $default  accept


state 15

    3 top_level_list: top_level_list top_level_item .

    $default  reduce using rule 3 (top_level_list)


state 16

   11 function_decl: INT ID LPAREN . param_list RPAREN block
   17 param_list: .  [RPAREN]
   18           | . non_empty_param_list
   19 non_empty_param_list: . param
   20                     | . non_empty_param_list COMMA param
   21 param: . INT ID
   22      | . DOUBLE ID
   23      | . INT ID LBRACKET RBRACKET
   24      | . DOUBLE ID LBRACKET RBRACKET

    INT     shift, and go to state 24
    DOUBLE  shift, and go to state 25

    $default  reduce using rule 17 (param_list)

    param_list            go to state 26
    non_empty_param_list  go to state 27
    param                 go to state 28


state 17

    9 global_decl: INT ID LBRACKET . NUM RBRACKET ';'
   10            | INT ID LBRACKET . NUM RBRACKET LBRACKET NUM RBRACKET ';'

    NUM  shift, and go to state 29


state 18

    6 global_decl: INT ID ';' .

    $default  reduce using rule 6 (global_decl)


state 19

    8 global_decl: INT ID '=' . expr ';'
   48 expr: . NUM
   49     | . FLOAT_NUM
   50     | . ID
   51     | . expr '+' expr
   52     | . expr '-' expr
   53     | . expr '*' expr
   54     | . expr '/' expr
   55     | . expr '%' expr
   56     | . expr '<' expr
   57     | . expr '>' expr
   58     | . expr EQ expr
   59     | . expr LE expr
   60     | . expr GE expr
   61     | . expr NEQ expr
   62     | . expr AND expr
   63     | . expr OR expr
   64     | . NOT expr
   65     | . '-' expr
   66     | . LPAREN expr RPAREN
   67     | . ID LBRACKET expr RBRACKET
   68     | . ID LBRACKET expr RBRACKET LBRACKET expr RBRACKET
   69     | . ID LPAREN expr RPAREN
   70     | . ID LPAREN RPAREN
   71     | . expr IS value_list

    NUM        shift, and go to state 30
    FLOAT_NUM  shift, and go to state 31
    ID         shift, and go to state 32
    LPAREN     shift, and go to state 33
    NOT        shift, and go to state 34
    '-'        shift, and go to state 35

    expr  go to state 36


state 20

   13 function_decl: INT MAIN LPAREN . RPAREN block

    RPAREN  shift, and go to state 37


state 21

    7 global_decl: DOUBLE ID ';' .

    $default  reduce using rule 7 (global_decl)


state 22

   12 function_decl: VOID ID LPAREN . param_list RPAREN block
   17 param_list: .  [RPAREN]
   18           | . non_empty_param_list
   19 non_empty_param_list: . param
   20                     | . non_empty_param_list COMMA param
   21 param: . INT ID
   22      | . DOUBLE ID
   23      | . INT ID LBRACKET RBRACKET
   24      | . DOUBLE ID LBRACKET RBRACKET

    INT     shift, and go to state 24
    DOUBLE  shift, and go to state 25

    $default  reduce using rule 17 (param_list)

    param_list            go to state 38
    non_empty_param_list  go to state 27
    param                 go to state 28


state 23

   14 function_decl: VOID MAIN LPAREN . RPAREN block

    RPAREN  shift, and go to state 39


state 24

   21 param: INT . ID
   23      | INT . ID LBRACKET RBRACKET

    ID  shift, and go to state 40


state 25

   22 param: DOUBLE . ID
   24      | DOUBLE . ID LBRACKET RBRACKET

    ID  shift, and go to state 41


state 26

   11 function_decl: INT ID LPAREN param_list . RPAREN block

    RPAREN  shift, and go to state 42


state 27

   18 param_list: non_empty_param_list .  [RPAREN]
   20 non_empty_param_list: non_empty_param_list . COMMA param

    COMMA  shift, and go to state 43

    $default  reduce using rule 18 (param_list)


state 28

   19 non_empty_param_list: param .

    $default  reduce using rule 19 (non_empty_param_list)


state 29

    9 global_decl: INT ID LBRACKET NUM . RBRACKET ';'
   10            | INT ID LBRACKET NUM . RBRACKET LBRACKET NUM RBRACKET ';'

    RBRACKET  shift, and go to state 44


state 30

   48 expr: NUM .

    $default  reduce using rule 48 (expr)


state 31

   49 expr: FLOAT_NUM .

    $default  reduce using rule 49 (expr)


state 32

   50 expr: ID .  [RPAREN, RBRACKET, COMMA, AND, OR, EQ, LE, GE, NEQ, IS, '<', '>', '+', '-', '*', '/', '%', ';']
   67     | ID . LBRACKET expr RBRACKET
   68     | ID . LBRACKET expr RBRACKET LBRACKET expr RBRACKET
   69     | ID . LPAREN expr RPAREN
   70     | ID . LPAREN RPAREN

    LPAREN    shift, and go to state 45
    LBRACKET  shift, and go to state 46

    $default  reduce using rule 50 (expr)


state 33

   48 expr: . NUM
   49     | . FLOAT_NUM
   50     | . ID
   51     | . expr '+' expr
   52     | . expr '-' expr
   53     | . expr '*' expr
   54     | . expr '/' expr
   55     | . expr '%' expr
   56     | . expr '<' expr
   57     | . expr '>' expr
   58     | . expr EQ expr
   59     | . expr LE expr
   60     | . expr GE expr
   61     | . expr NEQ expr
   62     | . expr AND expr
   63     | . expr OR expr
   64     | . NOT expr
   65     | . '-' expr
   66     | . LPAREN expr RPAREN
   66     | LPAREN . expr RPAREN
   67     | . ID LBRACKET expr RBRACKET
   68     | . ID LBRACKET expr RBRACKET LBRACKET expr RBRACKET
   69     | . ID LPAREN expr RPAREN
   70     | . ID LPAREN RPAREN
   71     | . expr IS value_list

    NUM        shift, and go to state 30
    FLOAT_NUM  shift, and go to state 31
    ID         shift, and go to state 32
    LPAREN     shift, and go to state 33
    NOT        shift, and go to state 34
    '-'        shift, and go to state 35

    expr  go to state 47


state 34

   48 expr: . NUM
   49     | . FLOAT_NUM
   50     | . ID
   51     | . expr '+' expr
   52     | . expr '-' expr
   53     | . expr '*' expr
   54     | . expr '/' expr
   55     | . expr '%' expr
   56     | . expr '<' expr
   57     | . expr '>' expr
   58     | . expr EQ expr
   59     | . expr LE expr
   60     | . expr GE expr
   61     | . expr NEQ expr
   62     | . expr AND expr
   63     | . expr OR expr
   64     | . NOT expr
   64     | NOT . expr
   65     | . '-' expr
   66     | . LPAREN expr RPAREN
   67     | . ID LBRACKET expr RBRACKET
   68     | . ID LBRACKET expr RBRACKET LBRACKET expr RBRACKET
   69     | . ID LPAREN expr RPAREN
   70     | . ID LPAREN RPAREN
   71     | . expr IS value_list

    NUM        shift, and go to state 30
    FLOAT_NUM  shift, and go to state 31
    ID         shift, and go to state 32
    LPAREN     shift, and go to state 33
    NOT        shift, and go to state 34
    '-'        shift, and go to state 35

    expr  go to state 48


state 35

   48 expr: . NUM
   49     | . FLOAT_NUM
   50     | . ID
   51     | . expr '+' expr
   52     | . expr '-' expr
   53     | . expr '*' expr
   54     | . expr '/' expr
   55     | . expr '%' expr
   56     | . expr '<' expr
   57     | . expr '>' expr
   58     | . expr EQ expr
   59     | . expr LE expr
   60     | . expr GE expr
   61     | . expr NEQ expr
   62     | . expr AND expr
   63     | . expr OR expr
   64     | . NOT expr
   65     | . '-' expr
   65     | '-' . expr
   66     | . LPAREN expr RPAREN
   67     | . ID LBRACKET expr RBRACKET
   68     | . ID LBRACKET expr RBRACKET LBRACKET expr RBRACKET
   69     | . ID LPAREN expr RPAREN
   70     | . ID LPAREN RPAREN
   71     | . expr IS value_list

    NUM        shift, and go to state 30
    FLOAT_NUM  shift, and go to state 31
    ID         shift, and go to state 32
    LPAREN     shift, and go to state 33
    NOT        shift, and go to state 34
    '-'        shift, and go to state 35

    expr  go to state 49


state 36

    8 global_decl: INT ID '=' expr . ';'
   51 expr: expr . '+' expr
   52     | expr . '-' expr
   53     | expr . '*' expr
   54     | expr . '/' expr
   55     | expr . '%' expr
   56     | expr . '<' expr
   57     | expr . '>' expr
   58     | expr . EQ expr
   59     | expr . LE expr
   60     | expr . GE expr
   61     | expr . NEQ expr
   62     | expr . AND expr
   63     | expr . OR expr
   71     | expr . IS value_list

    AND  shift, and go to state 50
    OR   shift, and go to state 51
    EQ   shift, and go to state 52
    LE   shift, and go to state 53
    GE   shift, and go to state 54
    NEQ  shift, and go to state 55
    IS   shift, and go to state 56
    '<'  shift, and go to state 57
    '>'  shift, and go to state 58
    '+'  shift, and go to state 59
    '-'  shift, and go to state 60
    '*'  shift, and go to state 61
    '/'  shift, and go to state 62
    '%'  shift, and go to state 63
    ';'  shift, and go to state 64


state 37

   13 function_decl: INT MAIN LPAREN RPAREN . block
   15 block: . LBRACE stmt_list RBRACE
   16      | . LBRACE RBRACE

    LBRACE  shift, and go to state 65

    block  go to state 66


state 38

   12 function_decl: VOID ID LPAREN param_list . RPAREN block

    RPAREN  shift, and go to state 67


state 39

   14 function_decl: VOID MAIN LPAREN RPAREN . block
   15 block: . LBRACE stmt_list RBRACE
   16      | . LBRACE RBRACE

    LBRACE  shift, and go to state 65

    block  go to state 68


state 40

   21 param: INT ID .  [RPAREN, COMMA]
   23      | INT ID . LBRACKET RBRACKET

    LBRACKET  shift, and go to state 69

    $default  reduce using rule 21 (param)


state 41

   22 param: DOUBLE ID .  [RPAREN, COMMA]
   24      | DOUBLE ID . LBRACKET RBRACKET

    LBRACKET  shift, and go to state 70

    $default  reduce using rule 22 (param)


state 42

   11 function_decl: INT ID LPAREN param_list RPAREN . block
   15 block: . LBRACE stmt_list RBRACE
   16      | . LBRACE RBRACE

    LBRACE  shift, and go to state 65

    block  go to state 71


state 43

   20 non_empty_param_list: non_empty_param_list COMMA . param
   21 param: . INT ID
   22      | . DOUBLE ID
   23      | . INT ID LBRACKET RBRACKET
   24      | . DOUBLE ID LBRACKET RBRACKET

    INT     shift, and go to state 24
    DOUBLE  shift, and go to state 25

    param  go to state 72


state 44

    9 global_decl: INT ID LBRACKET NUM RBRACKET . ';'
   10            | INT ID LBRACKET NUM RBRACKET . LBRACKET NUM RBRACKET ';'

    LBRACKET  shift, and go to state 73
    ';'       shift, and go to state 74


state 45

   48 expr: . NUM
   49     | . FLOAT_NUM
   50     | . ID
   51     | . expr '+' expr
   52     | . expr '-' expr
   53     | . expr '*' expr
   54     | . expr '/' expr
   55     | . expr '%' expr
   56     | . expr '<' expr
   57     | . expr '>' expr
   58     | . expr EQ expr
   59     | . expr LE expr
   60     | . expr GE expr
   61     | . expr NEQ expr
   62     | . expr AND expr
   63     | . expr OR expr
   64     | . NOT expr
   65     | . '-' expr
   66     | . LPAREN expr RPAREN
   67     | . ID LBRACKET expr RBRACKET
   68     | . ID LBRACKET expr RBRACKET LBRACKET expr RBRACKET
   69     | . ID LPAREN expr RPAREN
   69     | ID LPAREN . expr RPAREN
   70     | . ID LPAREN RPAREN
   70     | ID LPAREN . RPAREN
   71     | . expr IS value_list

    NUM        shift, and go to state 30
    FLOAT_NUM  shift, and go to state 31
    ID         shift, and go to state 32
    LPAREN     shift, and go to state 33
    RPAREN     shift, and go to state 75
    NOT        shift, and go to state 34
    '-'        shift, and go to state 35

    expr  go to state 76


state 46

   48 expr: . NUM
   49     | . FLOAT_NUM
   50     | . ID
   51     | . expr '+' expr
   52     | . expr '-' expr
   53     | . expr '*' expr
   54     | . expr '/' expr
   55     | . expr '%' expr
   56     | . expr '<' expr
   57     | . expr '>' expr
   58     | . expr EQ expr
   59     | . expr LE expr
   60     | . expr GE expr
   61     | . expr NEQ expr
   62     | . expr AND expr
   63     | . expr OR expr
   64     | . NOT expr
   65     | . '-' expr
   66     | . LPAREN expr RPAREN
   67     | . ID LBRACKET expr RBRACKET
   67     | ID LBRACKET . expr RBRACKET
   68     | . ID LBRACKET expr RBRACKET LBRACKET expr RBRACKET
   68     | ID LBRACKET . expr RBRACKET LBRACKET expr RBRACKET
   69     | . ID LPAREN expr RPAREN
   70     | . ID LPAREN RPAREN
   71     | . expr IS value_list

    NUM        shift, and go to state 30
    FLOAT_NUM  shift, and go to state 31
    ID         shift, and go to state 32
    LPAREN     shift, and go to state 33
    NOT        shift, and go to state 34
    '-'        shift, and go to state 35

    expr  go to state 77


state 47

   51 expr: expr . '+' expr
   52     | expr . '-' expr
   53     | expr . '*' expr
   54     | expr . '/' expr
   55     | expr . '%' expr
   56     | expr . '<' expr
   57     | expr . '>' expr
   58     | expr . EQ expr
   59     | expr . LE expr
   60     | expr . GE expr
   61     | expr . NEQ expr
   62     | expr . AND expr
   63     | expr . OR expr
   66     | LPAREN expr . RPAREN
   71     | expr . IS value_list

    RPAREN  shift, and go to state 78
    AND     shift, and go to state 50
    OR      shift, and go to state 51
    EQ      shift, and go to state 52
    LE      shift, and go to state 53
    GE      shift, and go to state 54
    NEQ     shift, and go to state 55
    IS      shift, and go to state 56
    '<'     shift, and go to state 57
    '>'     shift, and go to state 58
    '+'     shift, and go to state 59
    '-'     shift, and go to state 60
    '*'     shift, and go to state 61
    '/'     shift, and go to state 62
    '%'     shift, and go to state 63


state 48

   51 expr: expr . '+' expr
   52     | expr . '-' expr
   53     | expr . '*' expr
   54     | expr . '/' expr
   55     | expr . '%' expr
   56     | expr . '<' expr
   57     | expr . '>' expr
   58     | expr . EQ expr
   59     | expr . LE expr
   60     | expr . GE expr
   61     | expr . NEQ expr
   62     | expr . AND expr
   63     | expr . OR expr
   64     | NOT expr .  [RPAREN, RBRACKET, COMMA, AND, OR, EQ, LE, GE, NEQ, IS, '<', '>', '+', '-', '*', '/', '%', ';']
   71     | expr . IS value_list

    $default  reduce using rule 64 (expr)

    Conflict between rule 64 and token AND resolved as reduce (AND < NOT).
    Conflict between rule 64 and token OR resolved as reduce (OR < NOT).
    Conflict between rule 64 and token EQ resolved as reduce (EQ < NOT).
    Conflict between rule 64 and token LE resolved as reduce (LE < NOT).
    Conflict between rule 64 and token GE resolved as reduce (GE < NOT).
    Conflict between rule 64 and token NEQ resolved as reduce (NEQ < NOT).
    Conflict between rule 64 and token IS resolved as reduce (IS < NOT).
    Conflict between rule 64 and token '<' resolved as reduce ('<' < NOT).
    Conflict between rule 64 and token '>' resolved as reduce ('>' < NOT).
    Conflict between rule 64 and token '+' resolved as reduce ('+' < NOT).
    Conflict between rule 64 and token '-' resolved as reduce ('-' < NOT).
    Conflict between rule 64 and token '*' resolved as reduce ('*' < NOT).
    Conflict between rule 64 and token '/' resolved as reduce ('/' < NOT).
    Conflict between rule 64 and token '%' resolved as reduce ('%' < NOT).


state 49

   51 expr: expr . '+' expr
   52     | expr . '-' expr
   53     | expr . '*' expr
   54     | expr . '/' expr
   55     | expr . '%' expr
   56     | expr . '<' expr
   57     | expr . '>' expr
   58     | expr . EQ expr
   59     | expr . LE expr
   60     | expr . GE expr
   61     | expr . NEQ expr
   62     | expr . AND expr
   63     | expr . OR expr
   65     | '-' expr .  [RPAREN, RBRACKET, COMMA, AND, OR, EQ, LE, GE, NEQ, IS, '<', '>', '+', '-', '*', '/', '%', ';']
   71     | expr . IS value_list

    $default  reduce using rule 65 (expr)

    Conflict between rule 65 and token AND resolved as reduce (AND < UMINUS).
    Conflict between rule 65 and token OR resolved as reduce (OR < UMINUS).
    Conflict between rule 65 and token EQ resolved as reduce (EQ < UMINUS).
    Conflict between rule 65 and token LE resolved as reduce (LE < UMINUS).
    Conflict between rule 65 and token GE resolved as reduce (GE < UMINUS).
    Conflict between rule 65 and token NEQ resolved as reduce (NEQ < UMINUS).
    Conflict between rule 65 and token IS resolved as reduce (IS < UMINUS).
    Conflict between rule 65 and token '<' resolved as reduce ('<' < UMINUS).
    Conflict between rule 65 and token '>' resolved as reduce ('>' < UMINUS).
    Conflict between rule 65 and token '+' resolved as reduce ('+' < UMINUS).
    Conflict between rule 65 and token '-' resolved as reduce ('-' < UMINUS).
    Conflict between rule 65 and token '*' resolved as reduce ('*' < UMINUS).
    Conflict between rule 65 and token '/' resolved as reduce ('/' < UMINUS).
    Conflict between rule 65 and token '%' resolved as reduce ('%' < UMINUS).


state 50

   48 expr: . NUM
   49     | . FLOAT_NUM
   50     | . ID
   51     | . expr '+' expr
   52     | . expr '-' expr
   53     | . expr '*' expr
   54     | . expr '/' expr
   55     | . expr '%' expr
   56     | . expr '<' expr
   57     | . expr '>' expr
   58     | . expr EQ expr
   59     | . expr LE expr
   60     | . expr GE expr
   61     | . expr NEQ expr
   62     | . expr AND expr
   62     | expr AND . expr
   63     | . expr OR expr
   64     | . NOT expr
   65     | . '-' expr
   66     | . LPAREN expr RPAREN
   67     | . ID LBRACKET expr RBRACKET
   68     | . ID LBRACKET expr RBRACKET LBRACKET expr RBRACKET
   69     | . ID LPAREN expr RPAREN
   70     | . ID LPAREN RPAREN
   71     | . expr IS value_list

    NUM        shift, and go to state 30
    FLOAT_NUM  shift, and go to state 31
    ID         shift, and go to state 32
    LPAREN     shift, and go to state 33
    NOT        shift, and go to state 34
    '-'        shift, and go to state 35

    expr  go to state 79


state 51

   48 expr: . NUM
   49     | . FLOAT_NUM
   50     | . ID
   51     | . expr '+' expr
   52     | . expr '-' expr
   53     | . expr '*' expr
   54     | . expr '/' expr
   55     | . expr '%' expr
   56     | . expr '<' expr
   57     | . expr '>' expr
   58     | . expr EQ expr
   59     | . expr LE expr
   60     | . expr GE expr
   61     | . expr NEQ expr
   62     | . expr AND expr
   63     | . expr OR expr
   63     | expr OR . expr
   64     | . NOT expr
   65     | . '-' expr
   66     | . LPAREN expr RPAREN
   67     | . ID LBRACKET expr RBRACKET
   68     | . ID LBRACKET expr RBRACKET LBRACKET expr RBRACKET
   69     | . ID LPAREN expr RPAREN
   70     | . ID LPAREN RPAREN
   71     | . expr IS value_list

    NUM        shift, and go to state 30
    FLOAT_NUM  shift, and go to state 31
    ID         shift, and go to state 32
    LPAREN     shift, and go to state 33
    NOT        shift, and go to state 34
    '-'        shift, and go to state 35

    expr  go to state 80


state 52

   48 expr: . NUM
   49     | . FLOAT_NUM
   50     | . ID
   51     | . expr '+' expr
   52     | . expr '-' expr
   53     | . expr '*' expr
   54     | . expr '/' expr
   55     | . expr '%' expr
   56     | . expr '<' expr
   57     | . expr '>' expr
   58     | . expr EQ expr
   58     | expr EQ . expr
   59     | . expr LE expr
   60     | . expr GE expr
   61     | . expr NEQ expr
   62     | . expr AND expr
   63     | . expr OR expr
   64     | . NOT expr
   65     | . '-' expr
   66     | . LPAREN expr RPAREN
   67     | . ID LBRACKET expr RBRACKET
   68     | . ID LBRACKET expr RBRACKET LBRACKET expr RBRACKET
   69     | . ID LPAREN expr RPAREN
   70     | . ID LPAREN RPAREN
   71     | . expr IS value_list

    NUM        shift, and go to state 30
    FLOAT_NUM  shift, and go to state 31
    ID         shift, and go to state 32
    LPAREN     shift, and go to state 33
    NOT        shift, and go to state 34
    '-'        shift, and go to state 35

    expr  go to state 81


state 53

   48 expr: . NUM
   49     | . FLOAT_NUM
   50     | . ID
   51     | . expr '+' expr
   52     | . expr '-' expr
   53     | . expr '*' expr
   54     | . expr '/' expr
   55     | . expr '%' expr
   56     | . expr '<' expr
   57     | . expr '>' expr
   58     | . expr EQ expr
   59     | . expr LE expr
   59     | expr LE . expr
   60     | . expr GE expr
   61     | . expr NEQ expr
   62     | . expr AND expr
   63     | . expr OR expr
   64     | . NOT expr
   65     | . '-' expr
   66     | . LPAREN expr RPAREN
   67     | . ID LBRACKET expr RBRACKET
   68     | . ID LBRACKET expr RBRACKET LBRACKET expr RBRACKET
   69     | . ID LPAREN expr RPAREN
   70     | . ID LPAREN RPAREN
   71     | . expr IS value_list

    NUM        shift, and go to state 30
    FLOAT_NUM  shift, and go to state 31
    ID         shift, and go to state 32
    LPAREN     shift, and go to state 33
    NOT        shift, and go to state 34
    '-'        shift, and go to state 35

    expr  go to state 82


state 54

   48 expr: . NUM
   49     | . FLOAT_NUM
   50     | . ID
   51     | . expr '+' expr
   52     | . expr '-' expr
   53     | . expr '*' expr
   54     | . expr '/' expr
   55     | . expr '%' expr
   56     | . expr '<' expr
   57     | . expr '>' expr
   58     | . expr EQ expr
   59     | . expr LE expr
   60     | . expr GE expr
   60     | expr GE . expr
   61     | . expr NEQ expr
   62     | . expr AND expr
   63     | . expr OR expr
   64     | . NOT expr
   65     | . '-' expr
   66     | . LPAREN expr RPAREN
   67     | . ID LBRACKET expr RBRACKET
   68     | . ID LBRACKET expr RBRACKET LBRACKET expr RBRACKET
   69     | . ID LPAREN expr RPAREN
   70     | . ID LPAREN RPAREN
   71     | . expr IS value_list

    NUM        shift, and go to state 30
    FLOAT_NUM  shift, and go to state 31
    ID         shift, and go to state 32
    LPAREN     shift, and go to state 33
    NOT        shift, and go to state 34
    '-'        shift, and go to state 35

    expr  go to state 83


state 55

   48 expr: . NUM
   49     | . FLOAT_NUM
   50     | . ID
   51     | . expr '+' expr
   52     | . expr '-' expr
   53     | . expr '*' expr
   54     | . expr '/' expr
   55     | . expr '%' expr
   56     | . expr '<' expr
   57     | . expr '>' expr
   58     | . expr EQ expr
   59     | . expr LE expr
   60     | . expr GE expr
   61     | . expr NEQ expr
   61     | expr NEQ . expr
   62     | . expr AND expr
   63     | . expr OR expr
   64     | . NOT expr
   65     | . '-' expr
   66     | . LPAREN expr RPAREN
   67     | . ID LBRACKET expr RBRACKET
   68     | . ID LBRACKET expr RBRACKET LBRACKET expr RBRACKET
   69     | . ID LPAREN expr RPAREN
   70     | . ID LPAREN RPAREN
   71     | . expr IS value_list

    NUM        shift, and go to state 30
    FLOAT_NUM  shift, and go to state 31
    ID         shift, and go to state 32
    LPAREN     shift, and go to state 33
    NOT        shift, and go to state 34
    '-'        shift, and go to state 35

    expr  go to state 84


state 56

   48 expr: . NUM
   49     | . FLOAT_NUM
   50     | . ID
   51     | . expr '+' expr
   52     | . expr '-' expr
   53     | . expr '*' expr
   54     | . expr '/' expr
   55     | . expr '%' expr
   56     | . expr '<' expr
   57     | . expr '>' expr
   58     | . expr EQ expr
   59     | . expr LE expr
   60     | . expr GE expr
   61     | . expr NEQ expr
   62     | . expr AND expr
   63     | . expr OR expr
   64     | . NOT expr
   65     | . '-' expr
   66     | . LPAREN expr RPAREN
   67     | . ID LBRACKET expr RBRACKET
   68     | . ID LBRACKET expr RBRACKET LBRACKET expr RBRACKET
   69     | . ID LPAREN expr RPAREN
   70     | . ID LPAREN RPAREN
   71     | . expr IS value_list
   71     | expr IS . value_list
   72 value_list: . expr
   73           | . value_list COMMA expr

    NUM        shift, and go to state 30
    FLOAT_NUM  shift, and go to state 31
    ID         shift, and go to state 32
    LPAREN     shift, and go to state 33
    NOT        shift, and go to state 34
    '-'        shift, and go to state 35

    expr        go to state 85
    value_list  go to state 86


state 57

   48 expr: . NUM
   49     | . FLOAT_NUM
   50     | . ID
   51     | . expr '+' expr
   52     | . expr '-' expr
   53     | . expr '*' expr
   54     | . expr '/' expr
   55     | . expr '%' expr
   56     | . expr '<' expr
   56     | expr '<' . expr
   57     | . expr '>' expr
   58     | . expr EQ expr
   59     | . expr LE expr
   60     | . expr GE expr
   61     | . expr NEQ expr
   62     | . expr AND expr
   63     | . expr OR expr
   64     | . NOT expr
   65     | . '-' expr
   66     | . LPAREN expr RPAREN
   67     | . ID LBRACKET expr RBRACKET
   68     | . ID LBRACKET expr RBRACKET LBRACKET expr RBRACKET
   69     | . ID LPAREN expr RPAREN
   70     | . ID LPAREN RPAREN
   71     | . expr IS value_list

    NUM        shift, and go to state 30
    FLOAT_NUM  shift, and go to state 31
    ID         shift, and go to state 32
    LPAREN     shift, and go to state 33
    NOT        shift, and go to state 34
    '-'        shift, and go to state 35

    expr  go to state 87


state 58

   48 expr: . NUM
   49     | . FLOAT_NUM
   50     | . ID
   51     | . expr '+' expr
   52     | . expr '-' expr
   53     | . expr '*' expr
   54     | . expr '/' expr
   55     | . expr '%' expr
   56     | . expr '<' expr
   57     | . expr '>' expr
   57     | expr '>' . expr
   58     | . expr EQ expr
   59     | . expr LE expr
   60     | . expr GE expr
   61     | . expr NEQ expr
   62     | . expr AND expr
   63     | . expr OR expr
   64     | . NOT expr
   65     | . '-' expr
   66     | . LPAREN expr RPAREN
   67     | . ID LBRACKET expr RBRACKET
   68     | . ID LBRACKET expr RBRACKET LBRACKET expr RBRACKET
   69     | . ID LPAREN expr RPAREN
   70     | . ID LPAREN RPAREN
   71     | . expr IS value_list

    NUM        shift, and go to state 30
    FLOAT_NUM  shift, and go to state 31
    ID         shift, and go to state 32
    LPAREN     shift, and go to state 33
    NOT        shift, and go to state 34
    '-'        shift, and go to state 35

    expr  go to state 88


state 59

   48 expr: . NUM
   49     | . FLOAT_NUM
   50     | . ID
   51     | . expr '+' expr
   51     | expr '+' . expr
   52     | . expr '-' expr
   53     | . expr '*' expr
   54     | . expr '/' expr
   55     | . expr '%' expr
   56     | . expr '<' expr
   57     | . expr '>' expr
   58     | . expr EQ expr
   59     | . expr LE expr
   60     | . expr GE expr
   61     | . expr NEQ expr
   62     | . expr AND expr
   63     | . expr OR expr
   64     | . NOT expr
   65     | . '-' expr
   66     | . LPAREN expr RPAREN
   67     | . ID LBRACKET expr RBRACKET
   68     | . ID LBRACKET expr RBRACKET LBRACKET expr RBRACKET
   69     | . ID LPAREN expr RPAREN
   70     | . ID LPAREN RPAREN
   71     | . expr IS value_list

    NUM        shift, and go to state 30
    FLOAT_NUM  shift, and go to state 31
    ID         shift, and go to state 32
    LPAREN     shift, and go to state 33
    NOT        shift, and go to state 34
    '-'        shift, and go to state 35

    expr  go to state 89


state 60

   48 expr: . NUM
   49     | . FLOAT_NUM
   50     | . ID
   51     | . expr '+' expr
   52     | . expr '-' expr
   52     | expr '-' . expr
   53     | . expr '*' expr
   54     | . expr '/' expr
   55     | . expr '%' expr
   56     | . expr '<' expr
   57     | . expr '>' expr
   58     | . expr EQ expr
   59     | . expr LE expr
   60     | . expr GE expr
   61     | . expr NEQ expr
   62     | . expr AND expr
   63     | . expr OR expr
   64     | . NOT expr
   65     | . '-' expr
   66     | . LPAREN expr RPAREN
   67     | . ID LBRACKET expr RBRACKET
   68     | . ID LBRACKET expr RBRACKET LBRACKET expr RBRACKET
   69     | . ID LPAREN expr RPAREN
   70     | . ID LPAREN RPAREN
   71     | . expr IS value_list

    NUM        shift, and go to state 30
    FLOAT_NUM  shift, and go to state 31
    ID         shift, and go to state 32
    LPAREN     shift, and go to state 33
    NOT        shift, and go to state 34
    '-'        shift, and go to state 35

    expr  go to state 90


state 61

   48 expr: . NUM
   49     | . FLOAT_NUM
   50     | . ID
   51     | . expr '+' expr
   52     | . expr '-' expr
   53     | . expr '*' expr
   53     | expr '*' . expr
   54     | . expr '/' expr
   55     | . expr '%' expr
   56     | . expr '<' expr
   57     | . expr '>' expr
   58     | . expr EQ expr
   59     | . expr LE expr
   60     | . expr GE expr
   61     | . expr NEQ expr
   62     | . expr AND expr
   63     | . expr OR expr
   64     | . NOT expr
   65     | . '-' expr
   66     | . LPAREN expr RPAREN
   67     | . ID LBRACKET expr RBRACKET
   68     | . ID LBRACKET expr RBRACKET LBRACKET expr RBRACKET
   69     | . ID LPAREN expr RPAREN
   70     | . ID LPAREN RPAREN
   71     | . expr IS value_list

    NUM        shift, and go to state 30
    FLOAT_NUM  shift, and go to state 31
    ID         shift, and go to state 32
    LPAREN     shift, and go to state 33
    NOT        shift, and go to state 34
    '-'        shift, and go to state 35

    expr  go to state 91


state 62

   48 expr: . NUM
   49     | . FLOAT_NUM
   50     | . ID
   51     | . expr '+' expr
   52     | . expr '-' expr
   53     | . expr '*' expr
   54     | . expr '/' expr
   54     | expr '/' . expr
   55     | . expr '%' expr
   56     | . expr '<' expr
   57     | . expr '>' expr
   58     | . expr EQ expr
   59     | . expr LE expr
   60     | . expr GE expr
   61     | . expr NEQ expr
   62     | . expr AND expr
   63     | . expr OR expr
   64     | . NOT expr
   65     | . '-' expr
   66     | . LPAREN expr RPAREN
   67     | . ID LBRACKET expr RBRACKET
   68     | . ID LBRACKET expr RBRACKET LBRACKET expr RBRACKET
   69     | . ID LPAREN expr RPAREN
   70     | . ID LPAREN RPAREN
   71     | . expr IS value_list

    NUM        shift, and go to state 30
    FLOAT_NUM  shift, and go to state 31
    ID         shift, and go to state 32
    LPAREN     shift, and go to state 33
    NOT        shift, and go to state 34
    '-'        shift, and go to state 35

    expr  go to state 92


state 63

   48 expr: . NUM
   49     | . FLOAT_NUM
   50     | . ID
   51     | . expr '+' expr
   52     | . expr '-' expr
   53     | . expr '*' expr
   54     | . expr '/' expr
   55     | . expr '%' expr
   55     | expr '%' . expr
   56     | . expr '<' expr
   57     | . expr '>' expr
   58     | . expr EQ expr
   59     | . expr LE expr
   60     | . expr GE expr
   61     | . expr NEQ expr
   62     | . expr AND expr
   63     | . expr OR expr
   64     | . NOT expr
   65     | . '-' expr
   66     | . LPAREN expr RPAREN
   67     | . ID LBRACKET expr RBRACKET
   68     | . ID LBRACKET expr RBRACKET LBRACKET expr RBRACKET
   69     | . ID LPAREN expr RPAREN
   70     | . ID LPAREN RPAREN
   71     | . expr IS value_list

    NUM        shift, and go to state 30
    FLOAT_NUM  shift, and go to state 31
    ID         shift, and go to state 32
    LPAREN     shift, and go to state 33
    NOT        shift, and go to state 34
    '-'        shift, and go to state 35

    expr  go to state 93


state 64

    8 global_decl: INT ID '=' expr ';' .

    $default  reduce using rule 8 (global_decl)


state 65

   15 block: . LBRACE stmt_list RBRACE
   15      | LBRACE . stmt_list RBRACE
   16      | . LBRACE RBRACE
   16      | LBRACE . RBRACE
   25 stmt_list: . stmt
   26          | . stmt_list stmt
   27 stmt: . decl
   28     | . assign
   29     | . print_stmt
   30     | . while_stmt
   31     | . for_stmt
   32     | . if_stmt
   33     | . switch_stmt
   34     | . block
   35     | . BREAK ';'
   36     | . RETURN expr ';'
   37     | . RETURN ';'
   38     | . ID LPAREN expr RPAREN ';'
   39     | . ID LPAREN RPAREN ';'
   40 decl: . INT ID ';'
   41     | . DOUBLE ID ';'
   42     | . INT ID '=' expr ';'
   43     | . INT ID LBRACKET NUM RBRACKET ';'
   44     | . INT ID LBRACKET NUM RBRACKET LBRACKET NUM RBRACKET ';'
   45 assign: . ID '=' expr ';'
   46       | . ID LBRACKET expr RBRACKET '=' expr ';'
   47       | . ID LBRACKET expr RBRACKET LBRACKET expr RBRACKET '=' expr ';'
   74 print_stmt: . PRINT LPAREN expr RPAREN ';'
   75 while_stmt: . WHILE LPAREN expr RPAREN stmt
   76 for_stmt: . FOR LPAREN ID '=' expr ';' expr ';' ID '=' expr RPAREN stmt
   77 if_stmt: . IF LPAREN expr RPAREN stmt
   78        | . IF LPAREN expr RPAREN stmt ELSE stmt
   79 switch_stmt: . SWITCH LPAREN expr RPAREN LBRACE case_list RBRACE

    ID      shift, and go to state 94
    INT     shift, and go to state 95
    DOUBLE  shift, and go to state 96
    PRINT   shift, and go to state 97
    WHILE   shift, and go to state 98
    FOR     shift, and go to state 99
    IF      shift, and go to state 100
    RETURN  shift, and go to state 101
    LBRACE  shift, and go to state 65
    RBRACE  shift, and go to state 102
    SWITCH  shift, and go to state 103
    BREAK   shift, and go to state 104

    block        go to state 105
    stmt_list    go to state 106
    stmt         go to state 107
    decl         go to state 108
    assign       go to state 109
    print_stmt   go to state 110
    while_stmt   go to state 111
    for_stmt     go to state 112
    if_stmt      go to state 113
    switch_stmt  go to state 114


state 66

   13 function_decl: INT MAIN LPAREN RPAREN block .

    $default  reduce using rule 13 (function_decl)


state 67

   12 function_decl: VOID ID LPAREN param_list RPAREN . block
   15 block: . LBRACE stmt_list RBRACE
   16      | . LBRACE RBRACE

    LBRACE  shift, and go to state 65

    block  go to state 115


state 68

   14 function_decl: VOID MAIN LPAREN RPAREN block .

    $default  reduce using rule 14 (function_decl)


state 69

   23 param: INT ID LBRACKET . RBRACKET

    RBRACKET  shift, and go to state 116


state 70

   24 param: DOUBLE ID LBRACKET . RBRACKET

    RBRACKET  shift, and go to state 117


state 71

   11 function_decl: INT ID LPAREN param_list RPAREN block .

    $default  reduce using rule 11 (function_decl)


state 72

   20 non_empty_param_list: non_empty_param_list COMMA param .

    $default  reduce using rule 20 (non_empty_param_list)


state 73

   10 global_decl: INT ID LBRACKET NUM RBRACKET LBRACKET . NUM RBRACKET ';'

    NUM  shift, and go to state 118


state 74

    9 global_decl: INT ID LBRACKET NUM RBRACKET ';' .

    $default  reduce using rule 9 (global_decl)


state 75

   70 expr: ID LPAREN RPAREN .

    $default  reduce using rule 70 (expr)


state 76

   51 expr: expr . '+' expr
   52     | expr . '-' expr
   53     | expr . '*' expr
   54     | expr . '/' expr
   55     | expr . '%' expr
   56     | expr . '<' expr
   57     | expr . '>' expr
   58     | expr . EQ expr
   59     | expr . LE expr
   60     | expr . GE expr
   61     | expr . NEQ expr
   62     | expr . AND expr
   63     | expr . OR expr
   69     | ID LPAREN expr . RPAREN
   71     | expr . IS value_list

    RPAREN  shift, and go to state 119
    AND     shift, and go to state 50
    OR      shift, and go to state 51
    EQ      shift, and go to state 52
    LE      shift, and go to state 53
    GE      shift, and go to state 54
    NEQ     shift, and go to state 55
    IS      shift, and go to state 56
    '<'     shift, and go to state 57
    '>'     shift, and go to state 58
    '+'     shift, and go to state 59
    '-'     shift, and go to state 60
    '*'     shift, and go to state 61
    '/'     shift, and go to state 62
    '%'     shift, and go to state 63


state 77

   51 expr: expr . '+' expr
   52     | expr . '-' expr
   53     | expr . '*' expr
   54     | expr . '/' expr
   55     | expr . '%' expr
   56     | expr . '<' expr
   57     | expr . '>' expr
   58     | expr . EQ expr
   59     | expr . LE expr
   60     | expr . GE expr
   61     | expr . NEQ expr
   62     | expr . AND expr
   63     | expr . OR expr
   67     | ID LBRACKET expr . RBRACKET
   68     | ID LBRACKET expr . RBRACKET LBRACKET expr RBRACKET
   71     | expr . IS value_list

    RBRACKET  shift, and go to state 120
    AND       shift, and go to state 50
    OR        shift, and go to state 51
    EQ        shift, and go to state 52
    LE        shift, and go to state 53
    GE        shift, and go to state 54
    NEQ       shift, and go to state 55
    IS        shift, and go to state 56
    '<'       shift, and go to state 57
    '>'       shift, and go to state 58
    '+'       shift, and go to state 59
    '-'       shift, and go to state 60
    '*'       shift, and go to state 61
    '/'       shift, and go to state 62
    '%'       shift, and go to state 63


state 78

   66 expr: LPAREN expr RPAREN .

    $default  reduce using rule 66 (expr)


state 79

   51 expr: expr . '+' expr
   52     | expr . '-' expr
   53     | expr . '*' expr
   54     | expr . '/' expr
   55     | expr . '%' expr
   56     | expr . '<' expr
   57     | expr . '>' expr
   58     | expr . EQ expr
   59     | expr . LE expr
   60     | expr . GE expr
   61     | expr . NEQ expr
   62     | expr . AND expr  [RPAREN, RBRACKET, COMMA, AND, OR, IS, ';']
   62     | expr AND expr .  [RPAREN, RBRACKET, COMMA, AND, OR, IS, ';']
   63     | expr . OR expr
   71     | expr . IS value_list

    EQ   shift, and go to state 52
    LE   shift, and go to state 53
    GE   shift, and go to state 54
    NEQ  shift, and go to state 55
    '<'  shift, and go to state 57
    '>'  shift, and go to state 58
    '+'  shift, and go to state 59
    '-'  shift, and go to state 60
    '*'  shift, and go to state 61
    '/'  shift, and go to state 62
    '%'  shift, and go to state 63

    $default  reduce using rule 62 (expr)

    Conflict between rule 62 and token AND resolved as reduce (%left AND).
    Conflict between rule 62 and token OR resolved as reduce (OR < AND).
    Conflict between rule 62 and token EQ resolved as shift (AND < EQ).
    Conflict between rule 62 and token LE resolved as shift (AND < LE).
    Conflict between rule 62 and token GE resolved as shift (AND < GE).
    Conflict between rule 62 and token NEQ resolved as shift (AND < NEQ).
    Conflict between rule 62 and token IS resolved as reduce (IS < AND).
    Conflict between rule 62 and token '<' resolved as shift (AND < '<').
    Conflict between rule 62 and token '>' resolved as shift (AND < '>').
    Conflict between rule 62 and token '+' resolved as shift (AND < '+').
    Conflict between rule 62 and token '-' resolved as shift (AND < '-').
    Conflict between rule 62 and token '*' resolved as shift (AND < '*').
    Conflict between rule 62 and token '/' resolved as shift (AND < '/').
    Conflict between rule 62 and token '%' resolved as shift (AND < '%').


state 80

   51 expr: expr . '+' expr
   52     | expr . '-' expr
   53     | expr . '*' expr
   54     | expr . '/' expr
   55     | expr . '%' expr
   56     | expr . '<' expr
   57     | expr . '>' expr
   58     | expr . EQ expr
   59     | expr . LE expr
   60     | expr . GE expr
   61     | expr . NEQ expr
   62     | expr . AND expr
   63     | expr . OR expr  [RPAREN, RBRACKET, COMMA, OR, IS, ';']
   63     | expr OR expr .  [RPAREN, RBRACKET, COMMA, OR, IS, ';']
   71     | expr . IS value_list

    AND  shift, and go to state 50
    EQ   shift, and go to state 52
    LE   shift, and go to state 53
    GE   shift, and go to state 54
    NEQ  shift, and go to state 55
    '<'  shift, and go to state 57
    '>'  shift, and go to state 58
    '+'  shift, and go to state 59
    '-'  shift, and go to state 60
    '*'  shift, and go to state 61
    '/'  shift, and go to state 62
    '%'  shift, and go to state 63

    $default  reduce using rule 63 (expr)

    Conflict between rule 63 and token AND resolved as shift (OR < AND).
    Conflict between rule 63 and token OR resolved as reduce (%left OR).
    Conflict between rule 63 and token EQ resolved as shift (OR < EQ).
    Conflict between rule 63 and token LE resolved as shift (OR < LE).
    Conflict between rule 63 and token GE resolved as shift (OR < GE).
    Conflict between rule 63 and token NEQ resolved as shift (OR < NEQ).
    Conflict between rule 63 and token IS resolved as reduce (IS < OR).
    Conflict between rule 63 and token '<' resolved as shift (OR < '<').
    Conflict between rule 63 and token '>' resolved as shift (OR < '>').
    Conflict between rule 63 and token '+' resolved as shift (OR < '+').
    Conflict between rule 63 and token '-' resolved as shift (OR < '-').
    Conflict between rule 63 and token '*' resolved as shift (OR < '*').
    Conflict between rule 63 and token '/' resolved as shift (OR < '/').
    Conflict between rule 63 and token '%' resolved as shift (OR < '%').


state 81

   51 expr: expr . '+' expr
   52     | expr . '-' expr
   53     | expr . '*' expr
   54     | expr . '/' expr
   55     | expr . '%' expr
   56     | expr . '<' expr
   57     | expr . '>' expr
   58     | expr . EQ expr  [RPAREN, RBRACKET, COMMA, AND, OR, EQ, NEQ, IS, ';']
   58     | expr EQ expr .  [RPAREN, RBRACKET, COMMA, AND, OR, EQ, NEQ, IS, ';']
   59     | expr . LE expr
   60     | expr . GE expr
   61     | expr . NEQ expr
   62     | expr . AND expr
   63     | expr . OR expr
   71     | expr . IS value_list

    LE   shift, and go to state 53
    GE   shift, and go to state 54
    '<'  shift, and go to state 57
    '>'  shift, and go to state 58
    '+'  shift, and go to state 59
    '-'  shift, and go to state 60
    '*'  shift, and go to state 61
    '/'  shift, and go to state 62
    '%'  shift, and go to state 63

    $default  reduce using rule 58 (expr)

    Conflict between rule 58 and token AND resolved as reduce (AND < EQ).
    Conflict between rule 58 and token OR resolved as reduce (OR < EQ).
    Conflict between rule 58 and token EQ resolved as reduce (%left EQ).
    Conflict between rule 58 and token LE resolved as shift (EQ < LE).
    Conflict between rule 58 and token GE resolved as shift (EQ < GE).
    Conflict between rule 58 and token NEQ resolved as reduce (%left NEQ).
    Conflict between rule 58 and token IS resolved as reduce (IS < EQ).
    Conflict between rule 58 and token '<' resolved as shift (EQ < '<').
    Conflict between rule 58 and token '>' resolved as shift (EQ < '>').
    Conflict between rule 58 and token '+' resolved as shift (EQ < '+').
    Conflict between rule 58 and token '-' resolved as shift (EQ < '-').
    Conflict between rule 58 and token '*' resolved as shift (EQ < '*').
    Conflict between rule 58 and token '/' resolved as shift (EQ < '/').
    Conflict between rule 58 and token '%' resolved as shift (EQ < '%').


state 82

   51 expr: expr . '+' expr
   52     | expr . '-' expr
   53     | expr . '*' expr
   54     | expr . '/' expr
   55     | expr . '%' expr
   56     | expr . '<' expr
   57     | expr . '>' expr
   58     | expr . EQ expr
   59     | expr . LE expr  [RPAREN, RBRACKET, COMMA, AND, OR, EQ, LE, GE, NEQ, IS, '<', '>', ';']
   59     | expr LE expr .  [RPAREN, RBRACKET, COMMA, AND, OR, EQ, LE, GE, NEQ, IS, '<', '>', ';']
   60     | expr . GE expr
   61     | expr . NEQ expr
   62     | expr . AND expr
   63     | expr . OR expr
   71     | expr . IS value_list

    '+'  shift, and go to state 59
    '-'  shift, and go to state 60
    '*'  shift, and go to state 61
    '/'  shift, and go to state 62
    '%'  shift, and go to state 63

    $default  reduce using rule 59 (expr)

    Conflict between rule 59 and token AND resolved as reduce (AND < LE).
    Conflict between rule 59 and token OR resolved as reduce (OR < LE).
    Conflict between rule 59 and token EQ resolved as reduce (EQ < LE).
    Conflict between rule 59 and token LE resolved as reduce (%left LE).
    Conflict between rule 59 and token GE resolved as reduce (%left GE).
    Conflict between rule 59 and token NEQ resolved as reduce (NEQ < LE).
    Conflict between rule 59 and token IS resolved as reduce (IS < LE).
    Conflict between rule 59 and token '<' resolved as reduce (%left '<').
    Conflict between rule 59 and token '>' resolved as reduce (%left '>').
    Conflict between rule 59 and token '+' resolved as shift (LE < '+').
    Conflict between rule 59 and token '-' resolved as shift (LE < '-').
    Conflict between rule 59 and token '*' resolved as shift (LE < '*').
    Conflict between rule 59 and token '/' resolved as shift (LE < '/').
    Conflict between rule 59 and token '%' resolved as shift (LE < '%').


state 83

   51 expr: expr . '+' expr
   52     | expr . '-' expr
   53     | expr . '*' expr
   54     | expr . '/' expr
   55     | expr . '%' expr
   56     | expr . '<' expr
   57     | expr . '>' expr
   58     | expr . EQ expr
   59     | expr . LE expr
   60     | expr . GE expr  [RPAREN, RBRACKET, COMMA, AND, OR, EQ, LE, GE, NEQ, IS, '<', '>', ';']
   60     | expr GE expr .  [RPAREN, RBRACKET, COMMA, AND, OR, EQ, LE, GE, NEQ, IS, '<', '>', ';']
   61     | expr . NEQ expr
   62     | expr . AND expr
   63     | expr . OR expr
   71     | expr . IS value_list

    '+'  shift, and go to state 59
    '-'  shift, and go to state 60
    '*'  shift, and go to state 61
    '/'  shift, and go to state 62
    '%'  shift, and go to state 63

    $default  reduce using rule 60 (expr)

    Conflict between rule 60 and token AND resolved as reduce (AND < GE).
    Conflict between rule 60 and token OR resolved as reduce (OR < GE).
    Conflict between rule 60 and token EQ resolved as reduce (EQ < GE).
    Conflict between rule 60 and token LE resolved as reduce (%left LE).
    Conflict between rule 60 and token GE resolved as reduce (%left GE).
    Conflict between rule 60 and token NEQ resolved as reduce (NEQ < GE).
    Conflict between rule 60 and token IS resolved as reduce (IS < GE).
    Conflict between rule 60 and token '<' resolved as reduce (%left '<').
    Conflict between rule 60 and token '>' resolved as reduce (%left '>').
    Conflict between rule 60 and token '+' resolved as shift (GE < '+').
    Conflict between rule 60 and token '-' resolved as shift (GE < '-').
    Conflict between rule 60 and token '*' resolved as shift (GE < '*').
    Conflict between rule 60 and token '/' resolved as shift (GE < '/').
    Conflict between rule 60 and token '%' resolved as shift (GE < '%').


state 84

   51 expr: expr . '+' expr
   52     | expr . '-' expr
   53     | expr . '*' expr
   54     | expr . '/' expr
   55     | expr . '%' expr
   56     | expr . '<' expr
   57     | expr . '>' expr
   58     | expr . EQ expr
   59     | expr . LE expr
   60     | expr . GE expr
   61     | expr . NEQ expr  [RPAREN, RBRACKET, COMMA, AND, OR, EQ, NEQ, IS, ';']
   61     | expr NEQ expr .  [RPAREN, RBRACKET, COMMA, AND, OR, EQ, NEQ, IS, ';']
   62     | expr . AND expr
   63     | expr . OR expr
   71     | expr . IS value_list

    LE   shift, and go to state 53
    GE   shift, and go to state 54
    '<'  shift, and go to state 57
    '>'  shift, and go to state 58
    '+'  shift, and go to state 59
    '-'  shift, and go to state 60
    '*'  shift, and go to state 61
    '/'  shift, and go to state 62
    '%'  shift, and go to state 63

    $default  reduce using rule 61 (expr)

    Conflict between rule 61 and token AND resolved as reduce (AND < NEQ).
    Conflict between rule 61 and token OR resolved as reduce (OR < NEQ).
    Conflict between rule 61 and token EQ resolved as reduce (%left EQ).
    Conflict between rule 61 and token LE resolved as shift (NEQ < LE).
    Conflict between rule 61 and token GE resolved as shift (NEQ < GE).
    Conflict between rule 61 and token NEQ resolved as reduce (%left NEQ).
    Conflict between rule 61 and token IS resolved as reduce (IS < NEQ).
    Conflict between rule 61 and token '<' resolved as shift (NEQ < '<').
    Conflict between rule 61 and token '>' resolved as shift (NEQ < '>').
    Conflict between rule 61 and token '+' resolved as shift (NEQ < '+').
    Conflict between rule 61 and token '-' resolved as shift (NEQ < '-').
    Conflict between rule 61 and token '*' resolved as shift (NEQ < '*').
    Conflict between rule 61 and token '/' resolved as shift (NEQ < '/').
    Conflict between rule 61 and token '%' resolved as shift (NEQ < '%').


state 85

   51 expr: expr . '+' expr
   52     | expr . '-' expr
   53     | expr . '*' expr
   54     | expr . '/' expr
   55     | expr . '%' expr
   56     | expr . '<' expr
   57     | expr . '>' expr
   58     | expr . EQ expr
   59     | expr . LE expr
   60     | expr . GE expr
   61     | expr . NEQ expr
   62     | expr . AND expr
   63     | expr . OR expr
   71     | expr . IS value_list
   72 value_list: expr .  [RPAREN, RBRACKET, COMMA, AND, OR, EQ, LE, GE, NEQ, IS, '<', '>', '+', '-', '*', '/', '%', ';']

    AND  shift, and go to state 50
    OR   shift, and go to state 51
    EQ   shift, and go to state 52
    LE   shift, and go to state 53
    GE   shift, and go to state 54
    NEQ  shift, and go to state 55
    IS   shift, and go to state 56
    '<'  shift, and go to state 57
    '>'  shift, and go to state 58
    '+'  shift, and go to state 59
    '-'  shift, and go to state 60
    '*'  shift, and go to state 61
    '/'  shift, and go to state 62
    '%'  shift, and go to state 63

    AND       [reduce using rule 72 (value_list)]
    OR        [reduce using rule 72 (value_list)]
    EQ        [reduce using rule 72 (value_list)]
    LE        [reduce using rule 72 (value_list)]
    GE        [reduce using rule 72 (value_list)]
    NEQ       [reduce using rule 72 (value_list)]
    IS        [reduce using rule 72 (value_list)]
    '<'       [reduce using rule 72 (value_list)]
    '>'       [reduce using rule 72 (value_list)]
    '+'       [reduce using rule 72 (value_list)]
    '-'       [reduce using rule 72 (value_list)]
    '*'       [reduce using rule 72 (value_list)]
    '/'       [reduce using rule 72 (value_list)]
    '%'       [reduce using rule 72 (value_list)]
    $default  reduce using rule 72 (value_list)


state 86

   71 expr: expr IS value_list .  [RPAREN, RBRACKET, COMMA, AND, OR, EQ, LE, GE, NEQ, IS, '<', '>', '+', '-', '*', '/', '%', ';']
   73 value_list: value_list . COMMA expr

    COMMA  shift, and go to state 121

    COMMA     [reduce using rule 71 (expr)]
    $default  reduce using rule 71 (expr)


state 87

   51 expr: expr . '+' expr
   52     | expr . '-' expr
   53     | expr . '*' expr
   54     | expr . '/' expr
   55     | expr . '%' expr
   56     | expr . '<' expr  [RPAREN, RBRACKET, COMMA, AND, OR, EQ, LE, GE, NEQ, IS, '<', '>', ';']
   56     | expr '<' expr .  [RPAREN, RBRACKET, COMMA, AND, OR, EQ, LE, GE, NEQ, IS, '<', '>', ';']
   57     | expr . '>' expr
   58     | expr . EQ expr
   59     | expr . LE expr
   60     | expr . GE expr
   61     | expr . NEQ expr
   62     | expr . AND expr
   63     | expr . OR expr
   71     | expr . IS value_list

    '+'  shift, and go to state 59
    '-'  shift, and go to state 60
    '*'  shift, and go to state 61
    '/'  shift, and go to state 62
    '%'  shift, and go to state 63

    $default  reduce using rule 56 (expr)

    Conflict between rule 56 and token AND resolved as reduce (AND < '<').
    Conflict between rule 56 and token OR resolved as reduce (OR < '<').
    Conflict between rule 56 and token EQ resolved as reduce (EQ < '<').
    Conflict between rule 56 and token LE resolved as reduce (%left LE).
    Conflict between rule 56 and token GE resolved as reduce (%left GE).
    Conflict between rule 56 and token NEQ resolved as reduce (NEQ < '<').
    Conflict between rule 56 and token IS resolved as reduce (IS < '<').
    Conflict between rule 56 and token '<' resolved as reduce (%left '<').
    Conflict between rule 56 and token '>' resolved as reduce (%left '>').
    Conflict between rule 56 and token '+' resolved as shift ('<' < '+').
    Conflict between rule 56 and token '-' resolved as shift ('<' < '-').
    Conflict between rule 56 and token '*' resolved as shift ('<' < '*').
    Conflict between rule 56 and token '/' resolved as shift ('<' < '/').
    Conflict between rule 56 and token '%' resolved as shift ('<' < '%').


state 88

   51 expr: expr . '+' expr
   52     | expr . '-' expr
   53     | expr . '*' expr
   54     | expr . '/' expr
   55     | expr . '%' expr
   56     | expr . '<' expr
   57     | expr . '>' expr  [RPAREN, RBRACKET, COMMA, AND, OR, EQ, LE, GE, NEQ, IS, '<', '>', ';']
   57     | expr '>' expr .  [RPAREN, RBRACKET, COMMA, AND, OR, EQ, LE, GE, NEQ, IS, '<', '>', ';']
   58     | expr . EQ expr
   59     | expr . LE expr
   60     | expr . GE expr
   61     | expr . NEQ expr
   62     | expr . AND expr
   63     | expr . OR expr
   71     | expr . IS value_list

    '+'  shift, and go to state 59
    '-'  shift, and go to state 60
    '*'  shift, and go to state 61
    '/'  shift, and go to state 62
    '%'  shift, and go to state 63

    $default  reduce using rule 57 (expr)

    Conflict between rule 57 and token AND resolved as reduce (AND < '>').
    Conflict between rule 57 and token OR resolved as reduce (OR < '>').
    Conflict between rule 57 and token EQ resolved as reduce (EQ < '>').
    Conflict between rule 57 and token LE resolved as reduce (%left LE).
    Conflict between rule 57 and token GE resolved as reduce (%left GE).
    Conflict between rule 57 and token NEQ resolved as reduce (NEQ < '>').
    Conflict between rule 57 and token IS resolved as reduce (IS < '>').
    Conflict between rule 57 and token '<' resolved as reduce (%left '<').
    Conflict between rule 57 and token '>' resolved as reduce (%left '>').
    Conflict between rule 57 and token '+' resolved as shift ('>' < '+').
    Conflict between rule 57 and token '-' resolved as shift ('>' < '-').
    Conflict between rule 57 and token '*' resolved as shift ('>' < '*').
    Conflict between rule 57 and token '/' resolved as shift ('>' < '/').
    Conflict between rule 57 and token '%' resolved as shift ('>' < '%').


state 89

   51 expr: expr . '+' expr  [RPAREN, RBRACKET, COMMA, AND, OR, EQ, LE, GE, NEQ, IS, '<', '>', '+', '-', ';']
   51     | expr '+' expr .  [RPAREN, RBRACKET, COMMA, AND, OR, EQ, LE, GE, NEQ, IS, '<', '>', '+', '-', ';']
   52     | expr . '-' expr
   53     | expr . '*' expr
   54     | expr . '/' expr
   55     | expr . '%' expr
   56     | expr . '<' expr
   57     | expr . '>' expr
   58     | expr . EQ expr
   59     | expr . LE expr
   60     | expr . GE expr
   61     | expr . NEQ expr
   62     | expr . AND expr
   63     | expr . OR expr
   71     | expr . IS value_list

    '*'  shift, and go to state 61
    '/'  shift, and go to state 62
    '%'  shift, and go to state 63

    $default  reduce using rule 51 (expr)

    Conflict between rule 51 and token AND resolved as reduce (AND < '+').
    Conflict between rule 51 and token OR resolved as reduce (OR < '+').
    Conflict between rule 51 and token EQ resolved as reduce (EQ < '+').
    Conflict between rule 51 and token LE resolved as reduce (LE < '+').
    Conflict between rule 51 and token GE resolved as reduce (GE < '+').
    Conflict between rule 51 and token NEQ resolved as reduce (NEQ < '+').
    Conflict between rule 51 and token IS resolved as reduce (IS < '+').
    Conflict between rule 51 and token '<' resolved as reduce ('<' < '+').
    Conflict between rule 51 and token '>' resolved as reduce ('>' < '+').
    Conflict between rule 51 and token '+' resolved as reduce (%left '+').
    Conflict between rule 51 and token '-' resolved as reduce (%left '-').
    Conflict between rule 51 and token '*' resolved as shift ('+' < '*').
    Conflict between rule 51 and token '/' resolved as shift ('+' < '/').
    Conflict between rule 51 and token '%' resolved as shift ('+' < '%').


state 90

   51 expr: expr . '+' expr
   52     | expr . '-' expr  [RPAREN, RBRACKET, COMMA, AND, OR, EQ, LE, GE, NEQ, IS, '<', '>', '+', '-', ';']
   52     | expr '-' expr .  [RPAREN, RBRACKET, COMMA, AND, OR, EQ, LE, GE, NEQ, IS, '<', '>', '+', '-', ';']
   53     | expr . '*' expr
   54     | expr . '/' expr
   55     | expr . '%' expr
   56     | expr . '<' expr
   57     | expr . '>' expr
   58     | expr . EQ expr
   59     | expr . LE expr
   60     | expr . GE expr
   61     | expr . NEQ expr
   62     | expr . AND expr
   63     | expr . OR expr
   71     | expr . IS value_list

    '*'  shift, and go to state 61
    '/'  shift, and go to state 62
    '%'  shift, and go to state 63

    $default  reduce using rule 52 (expr)

    Conflict between rule 52 and token AND resolved as reduce (AND < '-').
    Conflict between rule 52 and token OR resolved as reduce (OR < '-').
    Conflict between rule 52 and token EQ resolved as reduce (EQ < '-').
    Conflict between rule 52 and token LE resolved as reduce (LE < '-').
    Conflict between rule 52 and token GE resolved as reduce (GE < '-').
    Conflict between rule 52 and token NEQ resolved as reduce (NEQ < '-').
    Conflict between rule 52 and token IS resolved as reduce (IS < '-').
    Conflict between rule 52 and token '<' resolved as reduce ('<' < '-').
    Conflict between rule 52 and token '>' resolved as reduce ('>' < '-').
    Conflict between rule 52 and token '+' resolved as reduce (%left '+').
    Conflict between rule 52 and token '-' resolved as reduce (%left '-').
    Conflict between rule 52 and token '*' resolved as shift ('-' < '*').
    Conflict between rule 52 and token '/' resolved as shift ('-' < '/').
    Conflict between rule 52 and token '%' resolved as shift ('-' < '%').


state 91

   51 expr: expr . '+' expr
   52     | expr . '-' expr
   53     | expr . '*' expr  [RPAREN, RBRACKET, COMMA, AND, OR, EQ, LE, GE, NEQ, IS, '<', '>', '+', '-', '*', '/', '%', ';']
   53     | expr '*' expr .  [RPAREN, RBRACKET, COMMA, AND, OR, EQ, LE, GE, NEQ, IS, '<', '>', '+', '-', '*', '/', '%', ';']
   54     | expr . '/' expr
   55     | expr . '%' expr
   56     | expr . '<' expr
   57     | expr . '>' expr
   58     | expr . EQ expr
   59     | expr . LE expr
   60     | expr . GE expr
   61     | expr . NEQ expr
   62     | expr . AND expr
   63     | expr . OR expr
   71     | expr . IS value_list

    $default  reduce using rule 53 (expr)

    Conflict between rule 53 and token AND resolved as reduce (AND < '*').
    Conflict between rule 53 and token OR resolved as reduce (OR < '*').
    Conflict between rule 53 and token EQ resolved as reduce (EQ < '*').
    Conflict between rule 53 and token LE resolved as reduce (LE < '*').
    Conflict between rule 53 and token GE resolved as reduce (GE < '*').
    Conflict between rule 53 and token NEQ resolved as reduce (NEQ < '*').
    Conflict between rule 53 and token IS resolved as reduce (IS < '*').
    Conflict between rule 53 and token '<' resolved as reduce ('<' < '*').
    Conflict between rule 53 and token '>' resolved as reduce ('>' < '*').
    Conflict between rule 53 and token '+' resolved as reduce ('+' < '*').
    Conflict between rule 53 and token '-' resolved as reduce ('-' < '*').
    Conflict between rule 53 and token '*' resolved as reduce (%left '*').
    Conflict between rule 53 and token '/' resolved as reduce (%left '/').
    Conflict between rule 53 and token '%' resolved as reduce (%left '%').


state 92

   51 expr: expr . '+' expr
   52     | expr . '-' expr
   53     | expr . '*' expr
   54     | expr . '/' expr  [RPAREN, RBRACKET, COMMA, AND, OR, EQ, LE, GE, NEQ, IS, '<', '>', '+', '-', '*', '/', '%', ';']
   54     | expr '/' expr .  [RPAREN, RBRACKET, COMMA, AND, OR, EQ, LE, GE, NEQ, IS, '<', '>', '+', '-', '*', '/', '%', ';']
   55     | expr . '%' expr
   56     | expr . '<' expr
   57     | expr . '>' expr
   58     | expr . EQ expr
   59     | expr . LE expr
   60     | expr . GE expr
   61     | expr . NEQ expr
   62     | expr . AND expr
   63     | expr . OR expr
   71     | expr . IS value_list

    $default  reduce using rule 54 (expr)

    Conflict between rule 54 and token AND resolved as reduce (AND < '/').
    Conflict between rule 54 and token OR resolved as reduce (OR < '/').
    Conflict between rule 54 and token EQ resolved as reduce (EQ < '/').
    Conflict between rule 54 and token LE resolved as reduce (LE < '/').
    Conflict between rule 54 and token GE resolved as reduce (GE < '/').
    Conflict between rule 54 and token NEQ resolved as reduce (NEQ < '/').
    Conflict between rule 54 and token IS resolved as reduce (IS < '/').
    Conflict between rule 54 and token '<' resolved as reduce ('<' < '/').
    Conflict between rule 54 and token '>' resolved as reduce ('>' < '/').
    Conflict between rule 54 and token '+' resolved as reduce ('+' < '/').
    Conflict between rule 54 and token '-' resolved as reduce ('-' < '/').
    Conflict between rule 54 and token '*' resolved as reduce (%left '*').
    Conflict between rule 54 and token '/' resolved as reduce (%left '/').
    Conflict between rule 54 and token '%' resolved as reduce (%left '%').


state 93

   51 expr: expr . '+' expr
   52     | expr . '-' expr
   53     | expr . '*' expr
   54     | expr . '/' expr
   55     | expr . '%' expr  [RPAREN, RBRACKET, COMMA, AND, OR, EQ, LE, GE, NEQ, IS, '<', '>', '+', '-', '*', '/', '%', ';']
   55     | expr '%' expr .  [RPAREN, RBRACKET, COMMA, AND, OR, EQ, LE, GE, NEQ, IS, '<', '>', '+', '-', '*', '/', '%', ';']
   56     | expr . '<' expr
   57     | expr . '>' expr
   58     | expr . EQ expr
   59     | expr . LE expr
   60     | expr . GE expr
   61     | expr . NEQ expr
   62     | expr . AND expr
   63     | expr . OR expr
   71     | expr . IS value_list

    $default  reduce using rule 55 (expr)

    Conflict between rule 55 and token AND resolved as reduce (AND < '%').
    Conflict between rule 55 and token OR resolved as reduce (OR < '%').
    Conflict between rule 55 and token EQ resolved as reduce (EQ < '%').
    Conflict between rule 55 and token LE resolved as reduce (LE < '%').
    Conflict between rule 55 and token GE resolved as reduce (GE < '%').
    Conflict between rule 55 and token NEQ resolved as reduce (NEQ < '%').
    Conflict between rule 55 and token IS resolved as reduce (IS < '%').
    Conflict between rule 55 and token '<' resolved as reduce ('<' < '%').
    Conflict between rule 55 and token '>' resolved as reduce ('>' < '%').
    Conflict between rule 55 and token '+' resolved as reduce ('+' < '%').
    Conflict between rule 55 and token '-' resolved as reduce ('-' < '%').
    Conflict between rule 55 and token '*' resolved as reduce (%left '*').
    Conflict between rule 55 and token '/' resolved as reduce (%left '/').
    Conflict between rule 55 and token '%' resolved as reduce (%left '%').


state 94

   38 stmt: ID . LPAREN expr RPAREN ';'
   39     | ID . LPAREN RPAREN ';'
   45 assign: ID . '=' expr ';'
   46       | ID . LBRACKET expr RBRACKET '=' expr ';'
   47       | ID . LBRACKET expr RBRACKET LBRACKET expr RBRACKET '=' expr ';'

    LPAREN    shift, and go to state 122
    LBRACKET  shift, and go to state 123
    '='       shift, and go to state 124


state 95

   40 decl: INT . ID ';'
   42     | INT . ID '=' expr ';'
   43     | INT . ID LBRACKET NUM RBRACKET ';'
   44     | INT . ID LBRACKET NUM RBRACKET LBRACKET NUM RBRACKET ';'

    ID  shift, and go to state 125


state 96

   41 decl: DOUBLE . ID ';'

    ID  shift, and go to state 126


state 97

   74 print_stmt: PRINT . LPAREN expr RPAREN ';'

    LPAREN  shift, and go to state 127


state 98

   75 while_stmt: WHILE . LPAREN expr RPAREN stmt

    LPAREN  shift, and go to state 128


state 99

   76 for_stmt: FOR . LPAREN ID '=' expr ';' expr ';' ID '=' expr RPAREN stmt

    LPAREN  shift, and go to state 129


state 100

   77 if_stmt: IF . LPAREN expr RPAREN stmt
   78        | IF . LPAREN expr RPAREN stmt ELSE stmt

    LPAREN  shift, and go to state 130


state 101

   36 stmt: RETURN . expr ';'
   37     | RETURN . ';'
   48 expr: . NUM
   49     | . FLOAT_NUM
   50     | . ID
   51     | . expr '+' expr
   52     | . expr '-' expr
   53     | . expr '*' expr
   54     | . expr '/' expr
   55     | . expr '%' expr
   56     | . expr '<' expr
   57     | . expr '>' expr
   58     | . expr EQ expr
   59     | . expr LE expr
   60     | . expr GE expr
   61     | . expr NEQ expr
   62     | . expr AND expr
   63     | . expr OR expr
   64     | . NOT expr
   65     | . '-' expr
   66     | . LPAREN expr RPAREN
   67     | . ID LBRACKET expr RBRACKET
   68     | . ID LBRACKET expr RBRACKET LBRACKET expr RBRACKET
   69     | . ID LPAREN expr RPAREN
   70     | . ID LPAREN RPAREN
   71     | . expr IS value_list

    NUM        shift, and go to state 30
    FLOAT_NUM  shift, and go to state 31
    ID         shift, and go to state 32
    LPAREN     shift, and go to state 33
    NOT        shift, and go to state 34
    '-'        shift, and go to state 35
    ';'        shift, and go to state 131

    expr  go to state 132


state 102

   16 block: LBRACE RBRACE .

    $default  reduce using rule 16 (block)


state 103

   79 switch_stmt: SWITCH . LPAREN expr RPAREN LBRACE case_list RBRACE

    LPAREN  shift, and go to state 133


state 104

   35 stmt: BREAK . ';'

    ';'  shift, and go to state 134


state 105

   34 stmt: block .

    $default  reduce using rule 34 (stmt)


state 106

   15 block: . LBRACE stmt_list RBRACE
   15      | LBRACE stmt_list . RBRACE
   16      | . LBRACE RBRACE
   26 stmt_list: stmt_list . stmt
   27 stmt: . decl
   28     | . assign
   29     | . print_stmt
   30     | . while_stmt
   31     | . for_stmt
   32     | . if_stmt
   33     | . switch_stmt
   34     | . block
   35     | . BREAK ';'
   36     | . RETURN expr ';'
   37     | . RETURN ';'
   38     | . ID LPAREN expr RPAREN ';'
   39     | . ID LPAREN RPAREN ';'
   40 decl: . INT ID ';'
   41     | . DOUBLE ID ';'
   42     | . INT ID '=' expr ';'
   43     | . INT ID LBRACKET NUM RBRACKET ';'
   44     | . INT ID LBRACKET NUM RBRACKET LBRACKET NUM RBRACKET ';'
   45 assign: . ID '=' expr ';'
   46       | . ID LBRACKET expr RBRACKET '=' expr ';'
   47       | . ID LBRACKET expr RBRACKET LBRACKET expr RBRACKET '=' expr ';'
   74 print_stmt: . PRINT LPAREN expr RPAREN ';'
   75 while_stmt: . WHILE LPAREN expr RPAREN stmt
   76 for_stmt: . FOR LPAREN ID '=' expr ';' expr ';' ID '=' expr RPAREN stmt
   77 if_stmt: . IF LPAREN expr RPAREN stmt
   78        | . IF LPAREN expr RPAREN stmt ELSE stmt
   79 switch_stmt: . SWITCH LPAREN expr RPAREN LBRACE case_list RBRACE

    ID      shift, and go to state 94
    INT     shift, and go to state 95
    DOUBLE  shift, and go to state 96
    PRINT   shift, and go to state 97
    WHILE   shift, and go to state 98
    FOR     shift, and go to state 99
    IF      shift, and go to state 100
    RETURN  shift, and go to state 101
    LBRACE  shift, and go to state 65
    RBRACE  shift, and go to state 135
    SWITCH  shift, and go to state 103
    BREAK   shift, and go to state 104

    block        go to state 105
    stmt         go to state 136
    decl         go to state 108
    assign       go to state 109
    print_stmt   go to state 110
    while_stmt   go to state 111
    for_stmt     go to state 112
    if_stmt      go to state 113
    switch_stmt  go to state 114


state 107

   25 stmt_list: stmt .

    $default  reduce using rule 25 (stmt_list)


state 108

   27 stmt: decl .

    $default  reduce using rule 27 (stmt)


state 109

   28 stmt: assign .

    $default  reduce using rule 28 (stmt)


state 110

   29 stmt: print_stmt .

    $default  reduce using rule 29 (stmt)


state 111

   30 stmt: while_stmt .

    $default  reduce using rule 30 (stmt)


state 112

   31 stmt: for_stmt .

    $default  reduce using rule 31 (stmt)


state 113

   32 stmt: if_stmt .

    $default  reduce using rule 32 (stmt)


state 114

   33 stmt: switch_stmt .

    $default  reduce using rule 33 (stmt)


state 115

   12 function_decl: VOID ID LPAREN param_list RPAREN block .

    $default  reduce using rule 12 (function_decl)


state 116

   23 param: INT ID LBRACKET RBRACKET .

    $default  reduce using rule 23 (param)


state 117

   24 param: DOUBLE ID LBRACKET RBRACKET .

    $default  reduce using rule 24 (param)


state 118

   10 global_decl: INT ID LBRACKET NUM RBRACKET LBRACKET NUM . RBRACKET ';'

    RBRACKET  shift, and go to state 137


state 119

   69 expr: ID LPAREN expr RPAREN .

    $default  reduce using rule 69 (expr)


state 120

   67 expr: ID LBRACKET expr RBRACKET .  [RPAREN, RBRACKET, COMMA, AND, OR, EQ, LE, GE, NEQ, IS, '<', '>', '+', '-', '*', '/', '%', ';']
   68     | ID LBRACKET expr RBRACKET . LBRACKET expr RBRACKET

    LBRACKET  shift, and go to state 138

    $default  reduce using rule 67 (expr)


state 121

   48 expr: . NUM
   49     | . FLOAT_NUM
   50     | . ID
   51     | . expr '+' expr
   52     | . expr '-' expr
   53     | . expr '*' expr
   54     | . expr '/' expr
   55     | . expr '%' expr
   56     | . expr '<' expr
   57     | . expr '>' expr
   58     | . expr EQ expr
   59     | . expr LE expr
   60     | . expr GE expr
   61     | . expr NEQ expr
   62     | . expr AND expr
   63     | . expr OR expr
   64     | . NOT expr
   65     | . '-' expr
   66     | . LPAREN expr RPAREN
   67     | . ID LBRACKET expr RBRACKET
   68     | . ID LBRACKET expr RBRACKET LBRACKET expr RBRACKET
   69     | . ID LPAREN expr RPAREN
   70     | . ID LPAREN RPAREN
   71     | . expr IS value_list
   73 value_list: value_list COMMA . expr

    NUM        shift, and go to state 30
    FLOAT_NUM  shift, and go to state 31
    ID         shift, and go to state 32
    LPAREN     shift, and go to state 33
    NOT        shift, and go to state 34
    '-'        shift, and go to state 35

    expr  go to state 139


state 122

   38 stmt: ID LPAREN . expr RPAREN ';'
   39     | ID LPAREN . RPAREN ';'
   48 expr: . NUM
   49     | . FLOAT_NUM
   50     | . ID
   51     | . expr '+' expr
   52     | . expr '-' expr
   53     | . expr '*' expr
   54     | . expr '/' expr
   55     | . expr '%' expr
   56     | . expr '<' expr
   57     | . expr '>' expr
   58     | . expr EQ expr
   59     | . expr LE expr
   60     | . expr GE expr
   61     | . expr NEQ expr
   62     | . expr AND expr
   63     | . expr OR expr
   64     | . NOT expr
   65     | . '-' expr
   66     | . LPAREN expr RPAREN
   67     | . ID LBRACKET expr RBRACKET
   68     | . ID LBRACKET expr RBRACKET LBRACKET expr RBRACKET
   69     | . ID LPAREN expr RPAREN
   70     | . ID LPAREN RPAREN
   71     | . expr IS value_list

    NUM        shift, and go to state 30
    FLOAT_NUM  shift, and go to state 31
    ID         shift, and go to state 32
    LPAREN     shift, and go to state 33
    RPAREN     shift, and go to state 140
    NOT        shift, and go to state 34
    '-'        shift, and go to state 35

    expr  go to state 141


state 123

   46 assign: ID LBRACKET . expr RBRACKET '=' expr ';'
   47       | ID LBRACKET . expr RBRACKET LBRACKET expr RBRACKET '=' expr ';'
   48 expr: . NUM
   49     | . FLOAT_NUM
   50     | . ID
   51     | . expr '+' expr
   52     | . expr '-' expr
   53     | . expr '*' expr
   54     | . expr '/' expr
   55     | . expr '%' expr
   56     | . expr '<' expr
   57     | . expr '>' expr
   58     | . expr EQ expr
   59     | . expr LE expr
   60     | . expr GE expr
   61     | . expr NEQ expr
   62     | . expr AND expr
   63     | . expr OR expr
   64     | . NOT expr
   65     | . '-' expr
   66     | . LPAREN expr RPAREN
   67     | . ID LBRACKET expr RBRACKET
   68     | . ID LBRACKET expr RBRACKET LBRACKET expr RBRACKET
   69     | . ID LPAREN expr RPAREN
   70     | . ID LPAREN RPAREN
   71     | . expr IS value_list

    NUM        shift, and go to state 30
    FLOAT_NUM  shift, and go to state 31
    ID         shift, and go to state 32
    LPAREN     shift, and go to state 33
    NOT        shift, and go to state 34
    '-'        shift, and go to state 35

    expr  go to state 142


state 124

   45 assign: ID '=' . expr ';'
   48 expr: . NUM
   49     | . FLOAT_NUM
   50     | . ID
   51     | . expr '+' expr
   52     | . expr '-' expr
   53     | . expr '*' expr
   54     | . expr '/' expr
   55     | . expr '%' expr
   56     | . expr '<' expr
   57     | . expr '>' expr
   58     | . expr EQ expr
   59     | . expr LE expr
   60     | . expr GE expr
   61     | . expr NEQ expr
   62     | . expr AND expr
   63     | . expr OR expr
   64     | . NOT expr
   65     | . '-' expr
   66     | . LPAREN expr RPAREN
   67     | . ID LBRACKET expr RBRACKET
   68     | . ID LBRACKET expr RBRACKET LBRACKET expr RBRACKET
   69     | . ID LPAREN expr RPAREN
   70     | . ID LPAREN RPAREN
   71     | . expr IS value_list

    NUM        shift, and go to state 30
    FLOAT_NUM  shift, and go to state 31
    ID         shift, and go to state 32
    LPAREN     shift, and go to state 33
    NOT        shift, and go to state 34
    '-'        shift, and go to state 35

    expr  go to state 143


state 125

   40 decl: INT ID . ';'
   42     | INT ID . '=' expr ';'
   43     | INT ID . LBRACKET NUM RBRACKET ';'
   44     | INT ID . LBRACKET NUM RBRACKET LBRACKET NUM RBRACKET ';'

    LBRACKET  shift, and go to state 144
    ';'       shift, and go to state 145
    '='       shift, and go to state 146


state 126

   41 decl: DOUBLE ID . ';'

    ';'  shift, and go to state 147


state 127

   48 expr: . NUM
   49     | . FLOAT_NUM
   50     | . ID
   51     | . expr '+' expr
   52     | . expr '-' expr
   53     | . expr '*' expr
   54     | . expr '/' expr
   55     | . expr '%' expr
   56     | . expr '<' expr
   57     | . expr '>' expr
   58     | . expr EQ expr
   59     | . expr LE expr
   60     | . expr GE expr
   61     | . expr NEQ expr
   62     | . expr AND expr
   63     | . expr OR expr
   64     | . NOT expr
   65     | . '-' expr
   66     | . LPAREN expr RPAREN
   67     | . ID LBRACKET expr RBRACKET
   68     | . ID LBRACKET expr RBRACKET LBRACKET expr RBRACKET
   69     | . ID LPAREN expr RPAREN
   70     | . ID LPAREN RPAREN
   71     | . expr IS value_list
   74 print_stmt: PRINT LPAREN . expr RPAREN ';'

    NUM        shift, and go to state 30
    FLOAT_NUM  shift, and go to state 31
    ID         shift, and go to state 32
    LPAREN     shift, and go to state 33
    NOT        shift, and go to state 34
    '-'        shift, and go to state 35

    expr  go to state 148


state 128

   48 expr: . NUM
   49     | . FLOAT_NUM
   50     | . ID
   51     | . expr '+' expr
   52     | . expr '-' expr
   53     | . expr '*' expr
   54     | . expr '/' expr
   55     | . expr '%' expr
   56     | . expr '<' expr
   57     | . expr '>' expr
   58     | . expr EQ expr
   59     | . expr LE expr
   60     | . expr GE expr
   61     | . expr NEQ expr
   62     | . expr AND expr
   63     | . expr OR expr
   64     | . NOT expr
   65     | . '-' expr
   66     | . LPAREN expr RPAREN
   67     | . ID LBRACKET expr RBRACKET
   68     | . ID LBRACKET expr RBRACKET LBRACKET expr RBRACKET
   69     | . ID LPAREN expr RPAREN
   70     | . ID LPAREN RPAREN
   71     | . expr IS value_list
   75 while_stmt: WHILE LPAREN . expr RPAREN stmt

    NUM        shift, and go to state 30
    FLOAT_NUM  shift, and go to state 31
    ID         shift, and go to state 32
    LPAREN     shift, and go to state 33
    NOT        shift, and go to state 34
    '-'        shift, and go to state 35

    expr  go to state 149


state 129

   76 for_stmt: FOR LPAREN . ID '=' expr ';' expr ';' ID '=' expr RPAREN stmt

    ID  shift, and go to state 150


state 130

   48 expr: . NUM
   49     | . FLOAT_NUM
   50     | . ID
   51     | . expr '+' expr
   52     | . expr '-' expr
   53     | . expr '*' expr
   54     | . expr '/' expr
   55     | . expr '%' expr
   56     | . expr '<' expr
   57     | . expr '>' expr
   58     | . expr EQ expr
   59     | . expr LE expr
   60     | . expr GE expr
   61     | . expr NEQ expr
   62     | . expr AND expr
   63     | . expr OR expr
   64     | . NOT expr
   65     | . '-' expr
   66     | . LPAREN expr RPAREN
   67     | . ID LBRACKET expr RBRACKET
   68     | . ID LBRACKET expr RBRACKET LBRACKET expr RBRACKET
   69     | . ID LPAREN expr RPAREN
   70     | . ID LPAREN RPAREN
   71     | . expr IS value_list
   77 if_stmt: IF LPAREN . expr RPAREN stmt
   78        | IF LPAREN . expr RPAREN stmt ELSE stmt

    NUM        shift, and go to state 30
    FLOAT_NUM  shift, and go to state 31
    ID         shift, and go to state 32
    LPAREN     shift, and go to state 33
    NOT        shift, and go to state 34
    '-'        shift, and go to state 35

    expr  go to state 151


state 131

   37 stmt: RETURN ';' .

    $default  reduce using rule 37 (stmt)


state 132

   36 stmt: RETURN expr . ';'
   51 expr: expr . '+' expr
   52     | expr . '-' expr
   53     | expr . '*' expr
   54     | expr . '/' expr
   55     | expr . '%' expr
   56     | expr . '<' expr
   57     | expr . '>' expr
   58     | expr . EQ expr
   59     | expr . LE expr
   60     | expr . GE expr
   61     | expr . NEQ expr
   62     | expr . AND expr
   63     | expr . OR expr
   71     | expr . IS value_list

    AND  shift, and go to state 50
    OR   shift, and go to state 51
    EQ   shift, and go to state 52
    LE   shift, and go to state 53
    GE   shift, and go to state 54
    NEQ  shift, and go to state 55
    IS   shift, and go to state 56
    '<'  shift, and go to state 57
    '>'  shift, and go to state 58
    '+'  shift, and go to state 59
    '-'  shift, and go to state 60
    '*'  shift, and go to state 61
    '/'  shift, and go to state 62
    '%'  shift, and go to state 63
    ';'  shift, and go to state 152


state 133

   48 expr: . NUM
   49     | . FLOAT_NUM
   50     | . ID
   51     | . expr '+' expr
   52     | . expr '-' expr
   53     | . expr '*' expr
   54     | . expr '/' expr
   55     | . expr '%' expr
   56     | . expr '<' expr
   57     | . expr '>' expr
   58     | . expr EQ expr
   59     | . expr LE expr
   60     | . expr GE expr
   61     | . expr NEQ expr
   62     | . expr AND expr
   63     | . expr OR expr
   64     | . NOT expr
   65     | . '-' expr
   66     | . LPAREN expr RPAREN
   67     | . ID LBRACKET expr RBRACKET
   68     | . ID LBRACKET expr RBRACKET LBRACKET expr RBRACKET
   69     | . ID LPAREN expr RPAREN
   70     | . ID LPAREN RPAREN
   71     | . expr IS value_list
   79 switch_stmt: SWITCH LPAREN . expr RPAREN LBRACE case_list RBRACE

    NUM        shift, and go to state 30
    FLOAT_NUM  shift, and go to state 31
    ID         shift, and go to state 32
    LPAREN     shift, and go to state 33
    NOT        shift, and go to state 34
    '-'        shift, and go to state 35

    expr  go to state 153


state 134

   35 stmt: BREAK ';' .

    $default  reduce using rule 35 (stmt)


state 135

   15 block: LBRACE stmt_list RBRACE .

    $default  reduce using rule 15 (block)


state 136

   26 stmt_list: stmt_list stmt .

    $default  reduce using rule 26 (stmt_list)


state 137

   10 global_decl: INT ID LBRACKET NUM RBRACKET LBRACKET NUM RBRACKET . ';'

    ';'  shift, and go to state 154


state 138

   48 expr: . NUM
   49     | . FLOAT_NUM
   50     | . ID
   51     | . expr '+' expr
   52     | . expr '-' expr
   53     | . expr '*' expr
   54     | . expr '/' expr
   55     | . expr '%' expr
   56     | . expr '<' expr
   57     | . expr '>' expr
   58     | . expr EQ expr
   59     | . expr LE expr
   60     | . expr GE expr
   61     | . expr NEQ expr
   62     | . expr AND expr
   63     | . expr OR expr
   64     | . NOT expr
   65     | . '-' expr
   66     | . LPAREN expr RPAREN
   67     | . ID LBRACKET expr RBRACKET
   68     | . ID LBRACKET expr RBRACKET LBRACKET expr RBRACKET
   68     | ID LBRACKET expr RBRACKET LBRACKET . expr RBRACKET
   69     | . ID LPAREN expr RPAREN
   70     | . ID LPAREN RPAREN
   71     | . expr IS value_list

    NUM        shift, and go to state 30
    FLOAT_NUM  shift, and go to state 31
    ID         shift, and go to state 32
    LPAREN     shift, and go to state 33
    NOT        shift, and go to state 34
    '-'        shift, and go to state 35

    expr  go to state 155


state 139

   51 expr: expr . '+' expr
   52     | expr . '-' expr
   53     | expr . '*' expr
   54     | expr . '/' expr
   55     | expr . '%' expr
   56     | expr . '<' expr
   57     | expr . '>' expr
   58     | expr . EQ expr
   59     | expr . LE expr
   60     | expr . GE expr
   61     | expr . NEQ expr
   62     | expr . AND expr
   63     | expr . OR expr
   71     | expr . IS value_list
   73 value_list: value_list COMMA expr .  [RPAREN, RBRACKET, COMMA, AND, OR, EQ, LE, GE, NEQ, IS, '<', '>', '+', '-', '*', '/', '%', ';']

    AND  shift, and go to state 50
    OR   shift, and go to state 51
    EQ   shift, and go to state 52
    LE   shift, and go to state 53
    GE   shift, and go to state 54
    NEQ  shift, and go to state 55
    IS   shift, and go to state 56
    '<'  shift, and go to state 57
    '>'  shift, and go to state 58
    '+'  shift, and go to state 59
    '-'  shift, and go to state 60
    '*'  shift, and go to state 61
    '/'  shift, and go to state 62
    '%'  shift, and go to state 63

    AND       [reduce using rule 73 (value_list)]
    OR        [reduce using rule 73 (value_list)]
    EQ        [reduce using rule 73 (value_list)]
    LE        [reduce using rule 73 (value_list)]
    GE        [reduce using rule 73 (value_list)]
    NEQ       [reduce using rule 73 (value_list)]
    IS        [reduce using rule 73 (value_list)]
    '<'       [reduce using rule 73 (value_list)]
    '>'       [reduce using rule 73 (value_list)]
    '+'       [reduce using rule 73 (value_list)]
    '-'       [reduce using rule 73 (value_list)]
    '*'       [reduce using rule 73 (value_list)]
    '/'       [reduce using rule 73 (value_list)]
    '%'       [reduce using rule 73 (value_list)]
    $default  reduce using rule 73 (value_list)


state 140

   39 stmt: ID LPAREN RPAREN . ';'

    ';'  shift, and go to state 156


state 141

   38 stmt: ID LPAREN expr . RPAREN ';'
   51 expr: expr . '+' expr
   52     | expr . '-' expr
   53     | expr . '*' expr
   54     | expr . '/' expr
   55     | expr . '%' expr
   56     | expr . '<' expr
   57     | expr . '>' expr
   58     | expr . EQ expr
   59     | expr . LE expr
   60     | expr . GE expr
   61     | expr . NEQ expr
   62     | expr . AND expr
   63     | expr . OR expr
   71     | expr . IS value_list

    RPAREN  shift, and go to state 157
    AND     shift, and go to state 50
    OR      shift, and go to state 51
    EQ      shift, and go to state 52
    LE      shift, and go to state 53
    GE      shift, and go to state 54
    NEQ     shift, and go to state 55
    IS      shift, and go to state 56
    '<'     shift, and go to state 57
    '>'     shift, and go to state 58
    '+'     shift, and go to state 59
    '-'     shift, and go to state 60
    '*'     shift, and go to state 61
    '/'     shift, and go to state 62
    '%'     shift, and go to state 63


state 142

   46 assign: ID LBRACKET expr . RBRACKET '=' expr ';'
   47       | ID LBRACKET expr . RBRACKET LBRACKET expr RBRACKET '=' expr ';'
   51 expr: expr . '+' expr
   52     | expr . '-' expr
   53     | expr . '*' expr
   54     | expr . '/' expr
   55     | expr . '%' expr
   56     | expr . '<' expr
   57     | expr . '>' expr
   58     | expr . EQ expr
   59     | expr . LE expr
   60     | expr . GE expr
   61     | expr . NEQ expr
   62     | expr . AND expr
   63     | expr . OR expr
   71     | expr . IS value_list

    RBRACKET  shift, and go to state 158
    AND       shift, and go to state 50
    OR        shift, and go to state 51
    EQ        shift, and go to state 52
    LE        shift, and go to state 53
    GE        shift, and go to state 54
    NEQ       shift, and go to state 55
    IS        shift, and go to state 56
    '<'       shift, and go to state 57
    '>'       shift, and go to state 58
    '+'       shift, and go to state 59
    '-'       shift, and go to state 60
    '*'       shift, and go to state 61
    '/'       shift, and go to state 62
    '%'       shift, and go to state 63


state 143

   45 assign: ID '=' expr . ';'
   51 expr: expr . '+' expr
   52     | expr . '-' expr
   53     | expr . '*' expr
   54     | expr . '/' expr
   55     | expr . '%' expr
   56     | expr . '<' expr
   57     | expr . '>' expr
   58     | expr . EQ expr
   59     | expr . LE expr
   60     | expr . GE expr
   61     | expr . NEQ expr
   62     | expr . AND expr
   63     | expr . OR expr
   71     | expr . IS value_list

    AND  shift, and go to state 50
    OR   shift, and go to state 51
    EQ   shift, and go to state 52
    LE   shift, and go to state 53
    GE   shift, and go to state 54
    NEQ  shift, and go to state 55
    IS   shift, and go to state 56
    '<'  shift, and go to state 57
    '>'  shift, and go to state 58
    '+'  shift, and go to state 59
    '-'  shift, and go to state 60
    '*'  shift, and go to state 61
    '/'  shift, and go to state 62
    '%'  shift, and go to state 63
    ';'  shift, and go to state 159


state 144

   43 decl: INT ID LBRACKET . NUM RBRACKET ';'
   44     | INT ID LBRACKET . NUM RBRACKET LBRACKET NUM RBRACKET ';'

    NUM  shift, and go to state 160


state 145

   40 decl: INT ID ';' .

    $default  reduce using rule 40 (decl)


state 146

   42 decl: INT ID '=' . expr ';'
   48 expr: . NUM
   49     | . FLOAT_NUM
   50     | . ID
   51     | . expr '+' expr
   52     | . expr '-' expr
   53     | . expr '*' expr
   54     | . expr '/' expr
   55     | . expr '%' expr
   56     | . expr '<' expr
   57     | . expr '>' expr
   58     | . expr EQ expr
   59     | . expr LE expr
   60     | . expr GE expr
   61     | . expr NEQ expr
   62     | . expr AND expr
   63     | . expr OR expr
   64     | . NOT expr
   65     | . '-' expr
   66     | . LPAREN expr RPAREN
   67     | . ID LBRACKET expr RBRACKET
   68     | . ID LBRACKET expr RBRACKET LBRACKET expr RBRACKET
   69     | . ID LPAREN expr RPAREN
   70     | . ID LPAREN RPAREN
   71     | . expr IS value_list

    NUM        shift, and go to state 30
    FLOAT_NUM  shift, and go to state 31
    ID         shift, and go to state 32
    LPAREN     shift, and go to state 33
    NOT        shift, and go to state 34
    '-'        shift, and go to state 35

    expr  go to state 161


state 147

   41 decl: DOUBLE ID ';' .

    $default  reduce using rule 41 (decl)


state 148

   51 expr: expr . '+' expr
   52     | expr . '-' expr
   53     | expr . '*' expr
   54     | expr . '/' expr
   55     | expr . '%' expr
   56     | expr . '<' expr
   57     | expr . '>' expr
   58     | expr . EQ expr
   59     | expr . LE expr
   60     | expr . GE expr
   61     | expr . NEQ expr
   62     | expr . AND expr
   63     | expr . OR expr
   71     | expr . IS value_list
   74 print_stmt: PRINT LPAREN expr . RPAREN ';'

    RPAREN  shift, and go to state 162
    AND     shift, and go to state 50
    OR      shift, and go to state 51
    EQ      shift, and go to state 52
    LE      shift, and go to state 53
    GE      shift, and go to state 54
    NEQ     shift, and go to state 55
    IS      shift, and go to state 56
    '<'     shift, and go to state 57
    '>'     shift, and go to state 58
    '+'     shift, and go to state 59
    '-'     shift, and go to state 60
    '*'     shift, and go to state 61
    '/'     shift, and go to state 62
    '%'     shift, and go to state 63


state 149

   51 expr: expr . '+' expr
   52     | expr . '-' expr
   53     | expr . '*' expr
   54     | expr . '/' expr
   55     | expr . '%' expr
   56     | expr . '<' expr
   57     | expr . '>' expr
   58     | expr . EQ expr
   59     | expr . LE expr
   60     | expr . GE expr
   61     | expr . NEQ expr
   62     | expr . AND expr
   63     | expr . OR expr
   71     | expr . IS value_list
   75 while_stmt: WHILE LPAREN expr . RPAREN stmt

    RPAREN  shift, and go to state 163
    AND     shift, and go to state 50
    OR      shift, and go to state 51
    EQ      shift, and go to state 52
    LE      shift, and go to state 53
    GE      shift, and go to state 54
    NEQ     shift, and go to state 55
    IS      shift, and go to state 56
    '<'     shift, and go to state 57
    '>'     shift, and go to state 58
    '+'     shift, and go to state 59
    '-'     shift, and go to state 60
    '*'     shift, and go to state 61
    '/'     shift, and go to state 62
    '%'     shift, and go to state 63


state 150

   76 for_stmt: FOR LPAREN ID . '=' expr ';' expr ';' ID '=' expr RPAREN stmt

    '='  shift, and go to state 164


state 151

   51 expr: expr . '+' expr
   52     | expr . '-' expr
   53     | expr . '*' expr
   54     | expr . '/' expr
   55     | expr . '%' expr
   56     | expr . '<' expr
   57     | expr . '>' expr
   58     | expr . EQ expr
   59     | expr . LE expr
   60     | expr . GE expr
   61     | expr . NEQ expr
   62     | expr . AND expr
   63     | expr . OR expr
   71     | expr . IS value_list
   77 if_stmt: IF LPAREN expr . RPAREN stmt
   78        | IF LPAREN expr . RPAREN stmt ELSE stmt

    RPAREN  shift, and go to state 165
    AND     shift, and go to state 50
    OR      shift, and go to state 51
    EQ      shift, and go to state 52
    LE      shift, and go to state 53
    GE      shift, and go to state 54
    NEQ     shift, and go to state 55
    IS      shift, and go to state 56
    '<'     shift, and go to state 57
    '>'     shift, and go to state 58
    '+'     shift, and go to state 59
    '-'     shift, and go to state 60
    '*'     shift, and go to state 61
    '/'     shift, and go to state 62
    '%'     shift, and go to state 63


state 152

   36 stmt: RETURN expr ';' .

    $default  reduce using rule 36 (stmt)


state 153

   51 expr: expr . '+' expr
   52     | expr . '-' expr
   53     | expr . '*' expr
   54     | expr . '/' expr
   55     | expr . '%' expr
   56     | expr . '<' expr
   57     | expr . '>' expr
   58     | expr . EQ expr
   59     | expr . LE expr
   60     | expr . GE expr
   61     | expr . NEQ expr
   62     | expr . AND expr
   63     | expr . OR expr
   71     | expr . IS value_list
   79 switch_stmt: SWITCH LPAREN expr . RPAREN LBRACE case_list RBRACE

    RPAREN  shift, and go to state 166
    AND     shift, and go to state 50
    OR      shift, and go to state 51
    EQ      shift, and go to state 52
    LE      shift, and go to state 53
    GE      shift, and go to state 54
    NEQ     shift, and go to state 55
    IS      shift, and go to state 56
    '<'     shift, and go to state 57
    '>'     shift, and go to state 58
    '+'     shift, and go to state 59
    '-'     shift, and go to state 60
    '*'     shift, and go to state 61
    '/'     shift, and go to state 62
    '%'     shift, and go to state 63


state 154

   10 global_decl: INT ID LBRACKET NUM RBRACKET LBRACKET NUM RBRACKET ';' .

    $default  reduce using rule 10 (global_decl)


state 155

   51 expr: expr . '+' expr
   52     | expr . '-' expr
   53     | expr . '*' expr
   54     | expr . '/' expr
   55     | expr . '%' expr
   56     | expr . '<' expr
   57     | expr . '>' expr
   58     | expr . EQ expr
   59     | expr . LE expr
   60     | expr . GE expr
   61     | expr . NEQ expr
   62     | expr . AND expr
   63     | expr . OR expr
   68     | ID LBRACKET expr RBRACKET LBRACKET expr . RBRACKET
   71     | expr . IS value_list

    RBRACKET  shift, and go to state 167
    AND       shift, and go to state 50
    OR        shift, and go to state 51
    EQ        shift, and go to state 52
    LE        shift, and go to state 53
    GE        shift, and go to state 54
    NEQ       shift, and go to state 55
    IS        shift, and go to state 56
    '<'       shift, and go to state 57
    '>'       shift, and go to state 58
    '+'       shift, and go to state 59
    '-'       shift, and go to state 60
    '*'       shift, and go to state 61
    '/'       shift, and go to state 62
    '%'       shift, and go to state 63


state 156

   39 stmt: ID LPAREN RPAREN ';' .

    $default  reduce using rule 39 (stmt)


state 157

   38 stmt: ID LPAREN expr RPAREN . ';'

    ';'  shift, and go to state 168


state 158

   46 assign: ID LBRACKET expr RBRACKET . '=' expr ';'
   47       | ID LBRACKET expr RBRACKET . LBRACKET expr RBRACKET '=' expr ';'

    LBRACKET  shift, and go to state 169
    '='       shift, and go to state 170


state 159

   45 assign: ID '=' expr ';' .

    $default  reduce using rule 45 (assign)


state 160

   43 decl: INT ID LBRACKET NUM . RBRACKET ';'
   44     | INT ID LBRACKET NUM . RBRACKET LBRACKET NUM RBRACKET ';'

    RBRACKET  shift, and go to state 171


state 161

   42 decl: INT ID '=' expr . ';'
   51 expr: expr . '+' expr
   52     | expr . '-' expr
   53     | expr . '*' expr
   54     | expr . '/' expr
   55     | expr . '%' expr
   56     | expr . '<' expr
   57     | expr . '>' expr
   58     | expr . EQ expr
   59     | expr . LE expr
   60     | expr . GE expr
   61     | expr . NEQ expr
   62     | expr . AND expr
   63     | expr . OR expr
   71     | expr . IS value_list

    AND  shift, and go to state 50
    OR   shift, and go to state 51
    EQ   shift, and go to state 52
    LE   shift, and go to state 53
    GE   shift, and go to state 54
    NEQ  shift, and go to state 55
    IS   shift, and go to state 56
    '<'  shift, and go to state 57
    '>'  shift, and go to state 58
    '+'  shift, and go to state 59
    '-'  shift, and go to state 60
    '*'  shift, and go to state 61
    '/'  shift, and go to state 62
    '%'  shift, and go to state 63
    ';'  shift, and go to state 172


state 162

   74 print_stmt: PRINT LPAREN expr RPAREN . ';'

    ';'  shift, and go to state 173


state 163

   15 block: . LBRACE stmt_list RBRACE
   16      | . LBRACE RBRACE
   27 stmt: . decl
   28     | . assign
   29     | . print_stmt
   30     | . while_stmt
   31     | . for_stmt
   32     | . if_stmt
   33     | . switch_stmt
   34     | . block
   35     | . BREAK ';'
   36     | . RETURN expr ';'
   37     | . RETURN ';'
   38     | . ID LPAREN expr RPAREN ';'
   39     | . ID LPAREN RPAREN ';'
   40 decl: . INT ID ';'
   41     | . DOUBLE ID ';'
   42     | . INT ID '=' expr ';'
   43     | . INT ID LBRACKET NUM RBRACKET ';'
   44     | . INT ID LBRACKET NUM RBRACKET LBRACKET NUM RBRACKET ';'
   45 assign: . ID '=' expr ';'
   46       | . ID LBRACKET expr RBRACKET '=' expr ';'
   47       | . ID LBRACKET expr RBRACKET LBRACKET expr RBRACKET '=' expr ';'
   74 print_stmt: . PRINT LPAREN expr RPAREN ';'
   75 while_stmt: . WHILE LPAREN expr RPAREN stmt
   75           | WHILE LPAREN expr RPAREN . stmt
   76 for_stmt: . FOR LPAREN ID '=' expr ';' expr ';' ID '=' expr RPAREN stmt
   77 if_stmt: . IF LPAREN expr RPAREN stmt
   78        | . IF LPAREN expr RPAREN stmt ELSE stmt
   79 switch_stmt: . SWITCH LPAREN expr RPAREN LBRACE case_list RBRACE

    ID      shift, and go to state 94
    INT     shift, and go to state 95
    DOUBLE  shift, and go to state 96
    PRINT   shift, and go to state 97
    WHILE   shift, and go to state 98
    FOR     shift, and go to state 99
    IF      shift, and go to state 100
    RETURN  shift, and go to state 101
    LBRACE  shift, and go to state 65
    SWITCH  shift, and go to state 103
    BREAK   shift, and go to state 104

    block        go to state 105
    stmt         go to state 174
    decl         go to state 108
    assign       go to state 109
    print_stmt   go to state 110
    while_stmt   go to state 111
    for_stmt     go to state 112
    if_stmt      go to state 113
    switch_stmt  go to state 114


state 164

   48 expr: . NUM
   49     | . FLOAT_NUM
   50     | . ID
   51     | . expr '+' expr
   52     | . expr '-' expr
   53     | . expr '*' expr
   54     | . expr '/' expr
   55     | . expr '%' expr
   56     | . expr '<' expr
   57     | . expr '>' expr
   58     | . expr EQ expr
   59     | . expr LE expr
   60     | . expr GE expr
   61     | . expr NEQ expr
   62     | . expr AND expr
   63     | . expr OR expr
   64     | . NOT expr
   65     | . '-' expr
   66     | . LPAREN expr RPAREN
   67     | . ID LBRACKET expr RBRACKET
   68     | . ID LBRACKET expr RBRACKET LBRACKET expr RBRACKET
   69     | . ID LPAREN expr RPAREN
   70     | . ID LPAREN RPAREN
   71     | . expr IS value_list
   76 for_stmt: FOR LPAREN ID '=' . expr ';' expr ';' ID '=' expr RPAREN stmt

    NUM        shift, and go to state 30
    FLOAT_NUM  shift, and go to state 31
    ID         shift, and go to state 32
    LPAREN     shift, and go to state 33
    NOT        shift, and go to state 34
    '-'        shift, and go to state 35

    expr  go to state 175


state 165

   15 block: . LBRACE stmt_list RBRACE
   16      | . LBRACE RBRACE
   27 stmt: . decl
   28     | . assign
   29     | . print_stmt
   30     | . while_stmt
   31     | . for_stmt
   32     | . if_stmt
   33     | . switch_stmt
   34     | . block
   35     | . BREAK ';'
   36     | . RETURN expr ';'
   37     | . RETURN ';'
   38     | . ID LPAREN expr RPAREN ';'
   39     | . ID LPAREN RPAREN ';'
   40 decl: . INT ID ';'
   41     | . DOUBLE ID ';'
   42     | . INT ID '=' expr ';'
   43     | . INT ID LBRACKET NUM RBRACKET ';'
   44     | . INT ID LBRACKET NUM RBRACKET LBRACKET NUM RBRACKET ';'
   45 assign: . ID '=' expr ';'
   46       | . ID LBRACKET expr RBRACKET '=' expr ';'
   47       | . ID LBRACKET expr RBRACKET LBRACKET expr RBRACKET '=' expr ';'
   74 print_stmt: . PRINT LPAREN expr RPAREN ';'
   75 while_stmt: . WHILE LPAREN expr RPAREN stmt
   76 for_stmt: . FOR LPAREN ID '=' expr ';' expr ';' ID '=' expr RPAREN stmt
   77 if_stmt: . IF LPAREN expr RPAREN stmt
   77        | IF LPAREN expr RPAREN . stmt
   78        | . IF LPAREN expr RPAREN stmt ELSE stmt
   78        | IF LPAREN expr RPAREN . stmt ELSE stmt
   79 switch_stmt: . SWITCH LPAREN expr RPAREN LBRACE case_list RBRACE

    ID      shift, and go to state 94
    INT     shift, and go to state 95
    DOUBLE  shift, and go to state 96
    PRINT   shift, and go to state 97
    WHILE   shift, and go to state 98
    FOR     shift, and go to state 99
    IF      shift, and go to state 100
    RETURN  shift, and go to state 101
    LBRACE  shift, and go to state 65
    SWITCH  shift, and go to state 103
    BREAK   shift, and go to state 104

    block        go to state 105
    stmt         go to state 176
    decl         go to state 108
    assign       go to state 109
    print_stmt   go to state 110
    while_stmt   go to state 111
    for_stmt     go to state 112
    if_stmt      go to state 113
    switch_stmt  go to state 114


state 166

   79 switch_stmt: SWITCH LPAREN expr RPAREN . LBRACE case_list RBRACE

    LBRACE  shift, and go to state 177


state 167

   68 expr: ID LBRACKET expr RBRACKET LBRACKET expr RBRACKET .

    $default  reduce using rule 68 (expr)


state 168

   38 stmt: ID LPAREN expr RPAREN ';' .

    $default  reduce using rule 38 (stmt)


state 169

   47 assign: ID LBRACKET expr RBRACKET LBRACKET . expr RBRACKET '=' expr ';'
   48 expr: . NUM
   49     | . FLOAT_NUM
   50     | . ID
   51     | . expr '+' expr
   52     | . expr '-' expr
   53     | . expr '*' expr
   54     | . expr '/' expr
   55     | . expr '%' expr
   56     | . expr '<' expr
   57     | . expr '>' expr
   58     | . expr EQ expr
   59     | . expr LE expr
   60     | . expr GE expr
   61     | . expr NEQ expr
   62     | . expr AND expr
   63     | . expr OR expr
   64     | . NOT expr
   65     | . '-' expr
   66     | . LPAREN expr RPAREN
   67     | . ID LBRACKET expr RBRACKET
   68     | . ID LBRACKET expr RBRACKET LBRACKET expr RBRACKET
   69     | . ID LPAREN expr RPAREN
   70     | . ID LPAREN RPAREN
   71     | . expr IS value_list

    NUM        shift, and go to state 30
    FLOAT_NUM  shift, and go to state 31
    ID         shift, and go to state 32
    LPAREN     shift, and go to state 33
    NOT        shift, and go to state 34
    '-'        shift, and go to state 35

    expr  go to state 178


state 170

   46 assign: ID LBRACKET expr RBRACKET '=' . expr ';'
   48 expr: . NUM
   49     | . FLOAT_NUM
   50     | . ID
   51     | . expr '+' expr
   52     | . expr '-' expr
   53     | . expr '*' expr
   54     | . expr '/' expr
   55     | . expr '%' expr
   56     | . expr '<' expr
   57     | . expr '>' expr
   58     | . expr EQ expr
   59     | . expr LE expr
   60     | . expr GE expr
   61     | . expr NEQ expr
   62     | . expr AND expr
   63     | . expr OR expr
   64     | . NOT expr
   65     | . '-' expr
   66     | . LPAREN expr RPAREN
   67     | . ID LBRACKET expr RBRACKET
   68     | . ID LBRACKET expr RBRACKET LBRACKET expr RBRACKET
   69     | . ID LPAREN expr RPAREN
   70     | . ID LPAREN RPAREN
   71     | . expr IS value_list

    NUM        shift, and go to state 30
    FLOAT_NUM  shift, and go to state 31
    ID         shift, and go to state 32
    LPAREN     shift, and go to state 33
    NOT        shift, and go to state 34
    '-'        shift, and go to state 35

    expr  go to state 179


state 171

   43 decl: INT ID LBRACKET NUM RBRACKET . ';'
   44     | INT ID LBRACKET NUM RBRACKET . LBRACKET NUM RBRACKET ';'

    LBRACKET  shift, and go to state 180
    ';'       shift, and go to state 181


state 172

   42 decl: INT ID '=' expr ';' .

    $default  reduce using rule 42 (decl)


state 173

   74 print_stmt: PRINT LPAREN expr RPAREN ';' .

    $default  reduce using rule 74 (print_stmt)


state 174

   75 while_stmt: WHILE LPAREN expr RPAREN stmt .

    $default  reduce using rule 75 (while_stmt)


state 175

   51 expr: expr . '+' expr
   52     | expr . '-' expr
   53     | expr . '*' expr
   54     | expr . '/' expr
   55     | expr . '%' expr
   56     | expr . '<' expr
   57     | expr . '>' expr
   58     | expr . EQ expr
   59     | expr . LE expr
   60     | expr . GE expr
   61     | expr . NEQ expr
   62     | expr . AND expr
   63     | expr . OR expr
   71     | expr . IS value_list
   76 for_stmt: FOR LPAREN ID '=' expr . ';' expr ';' ID '=' expr RPAREN stmt

    AND  shift, and go to state 50
    OR   shift, and go to state 51
    EQ   shift, and go to state 52
    LE   shift, and go to state 53
    GE   shift, and go to state 54
    NEQ  shift, and go to state 55
    IS   shift, and go to state 56
    '<'  shift, and go to state 57
    '>'  shift, and go to state 58
    '+'  shift, and go to state 59
    '-'  shift, and go to state 60
    '*'  shift, and go to state 61
    '/'  shift, and go to state 62
    '%'  shift, and go to state 63
    ';'  shift, and go to state 182


state 176

   77 if_stmt: IF LPAREN expr RPAREN stmt .  [ID, INT, DOUBLE, PRINT, WHILE, FOR, IF, RETURN, LBRACE, RBRACE, SWITCH, CASE, DEFAULT, BREAK]
   78        | IF LPAREN expr RPAREN stmt . ELSE stmt

    ELSE  shift, and go to state 183

    $default  reduce using rule 77 (if_stmt)

    Conflict between rule 77 and token ELSE resolved as shift (LOWER_THAN_ELSE < ELSE).


state 177

   79 switch_stmt: SWITCH LPAREN expr RPAREN LBRACE . case_list RBRACE
   80 case_list: . case_stmt
   81          | . case_stmt case_list
   82 case_stmt: . CASE NUM COLON stmt_list
   83          | . CASE NUM COLON
   84          | . DEFAULT COLON stmt_list
   85          | . DEFAULT COLON

    CASE     shift, and go to state 184
    DEFAULT  shift, and go to state 185

    case_list  go to state 186
    case_stmt  go to state 187


state 178

   47 assign: ID LBRACKET expr RBRACKET LBRACKET expr . RBRACKET '=' expr ';'
   51 expr: expr . '+' expr
   52     | expr . '-' expr
   53     | expr . '*' expr
   54     | expr . '/' expr
   55     | expr . '%' expr
   56     | expr . '<' expr
   57     | expr . '>' expr
   58     | expr . EQ expr
   59     | expr . LE expr
   60     | expr . GE expr
   61     | expr . NEQ expr
   62     | expr . AND expr
   63     | expr . OR expr
   71     | expr . IS value_list

    RBRACKET  shift, and go to state 188
    AND       shift, and go to state 50
    OR        shift, and go to state 51
    EQ        shift, and go to state 52
    LE        shift, and go to state 53
    GE        shift, and go to state 54
    NEQ       shift, and go to state 55
    IS        shift, and go to state 56
    '<'       shift, and go to state 57
    '>'       shift, and go to state 58
    '+'       shift, and go to state 59
    '-'       shift, and go to state 60
    '*'       shift, and go to state 61
    '/'       shift, and go to state 62
    '%'       shift, and go to state 63


state 179

   46 assign: ID LBRACKET expr RBRACKET '=' expr . ';'
   51 expr: expr . '+' expr
   52     | expr . '-' expr
   53     | expr . '*' expr
   54     | expr . '/' expr
   55     | expr . '%' expr
   56     | expr . '<' expr
   57     | expr . '>' expr
   58     | expr . EQ expr
   59     | expr . LE expr
   60     | expr . GE expr
   61     | expr . NEQ expr
   62     | expr . AND expr
   63     | expr . OR expr
   71     | expr . IS value_list

    AND  shift, and go to state 50
    OR   shift, and go to state 51
    EQ   shift, and go to state 52
    LE   shift, and go to state 53
    GE   shift, and go to state 54
    NEQ  shift, and go to state 55
    IS   shift, and go to state 56
    '<'  shift, and go to state 57
    '>'  shift, and go to state 58
    '+'  shift, and go to state 59
    '-'  shift, and go to state 60
    '*'  shift, and go to state 61
    '/'  shift, and go to state 62
    '%'  shift, and go to state 63
    ';'  shift, and go to state 189


state 180

   44 decl: INT ID LBRACKET NUM RBRACKET LBRACKET . NUM RBRACKET ';'

    NUM  shift, and go to state 190


state 181

   43 decl: INT ID LBRACKET NUM RBRACKET ';' .

    $default  reduce using rule 43 (decl)


state 182

   48 expr: . NUM
   49     | . FLOAT_NUM
   50     | . ID
   51     | . expr '+' expr
   52     | . expr '-' expr
   53     | . expr '*' expr
   54     | . expr '/' expr
   55     | . expr '%' expr
   56     | . expr '<' expr
   57     | . expr '>' expr
   58     | . expr EQ expr
   59     | . expr LE expr
   60     | . expr GE expr
   61     | . expr NEQ expr
   62     | . expr AND expr
   63     | . expr OR expr
   64     | . NOT expr
   65     | . '-' expr
   66     | . LPAREN expr RPAREN
   67     | . ID LBRACKET expr RBRACKET
   68     | . ID LBRACKET expr RBRACKET LBRACKET expr RBRACKET
   69     | . ID LPAREN expr RPAREN
   70     | . ID LPAREN RPAREN
   71     | . expr IS value_list
   76 for_stmt: FOR LPAREN ID '=' expr ';' . expr ';' ID '=' expr RPAREN stmt

    NUM        shift, and go to state 30
    FLOAT_NUM  shift, and go to state 31
    ID         shift, and go to state 32
    LPAREN     shift, and go to state 33
    NOT        shift, and go to state 34
    '-'        shift, and go to state 35

    expr  go to state 191


state 183

   15 block: . LBRACE stmt_list RBRACE
   16      | . LBRACE RBRACE
   27 stmt: . decl
   28     | . assign
   29     | . print_stmt
   30     | . while_stmt
   31     | . for_stmt
   32     | . if_stmt
   33     | . switch_stmt
   34     | . block
   35     | . BREAK ';'
   36     | . RETURN expr ';'
   37     | . RETURN ';'
   38     | . ID LPAREN expr RPAREN ';'
   39     | . ID LPAREN RPAREN ';'
   40 decl: . INT ID ';'
   41     | . DOUBLE ID ';'
   42     | . INT ID '=' expr ';'
   43     | . INT ID LBRACKET NUM RBRACKET ';'
   44     | . INT ID LBRACKET NUM RBRACKET LBRACKET NUM RBRACKET ';'
   45 assign: . ID '=' expr ';'
   46       | . ID LBRACKET expr RBRACKET '=' expr ';'
   47       | . ID LBRACKET expr RBRACKET LBRACKET expr RBRACKET '=' expr ';'
   74 print_stmt: . PRINT LPAREN expr RPAREN ';'
   75 while_stmt: . WHILE LPAREN expr RPAREN stmt
   76 for_stmt: . FOR LPAREN ID '=' expr ';' expr ';' ID '=' expr RPAREN stmt
   77 if_stmt: . IF LPAREN expr RPAREN stmt
   78        | . IF LPAREN expr RPAREN stmt ELSE stmt
   78        | IF LPAREN expr RPAREN stmt ELSE . stmt
   79 switch_stmt: . SWITCH LPAREN expr RPAREN LBRACE case_list RBRACE

    ID      shift, and go to state 94
    INT     shift, and go to state 95
    DOUBLE  shift, and go to state 96
    PRINT   shift, and go to state 97
    WHILE   shift, and go to state 98
    FOR     shift, and go to state 99
    IF      shift, and go to state 100
    RETURN  shift, and go to state 101
    LBRACE  shift, and go to state 65
    SWITCH  shift, and go to state 103
    BREAK   shift, and go to state 104

    block        go to state 105
    stmt         go to state 192
    decl         go to state 108
    assign       go to state 109
    print_stmt   go to state 110
    while_stmt   go to state 111
    for_stmt     go to state 112
    if_stmt      go to state 113
    switch_stmt  go to state 114


state 184

   82 case_stmt: CASE . NUM COLON stmt_list
   83          | CASE . NUM COLON

    NUM  shift, and go to state 193


state 185

   84 case_stmt: DEFAULT . COLON stmt_list
   85          | DEFAULT . COLON

    COLON  shift, and go to state 194


state 186

   79 switch_stmt: SWITCH LPAREN expr RPAREN LBRACE case_list . RBRACE

    RBRACE  shift, and go to state 195


state 187

   80 case_list: . case_stmt  [RBRACE]
   80          | case_stmt .  [RBRACE]
   81          | . case_stmt case_list
   81          | case_stmt . case_list
   82 case_stmt: . CASE NUM COLON stmt_list
   83          | . CASE NUM COLON
   84          | . DEFAULT COLON stmt_list
   85          | . DEFAULT COLON

    CASE     shift, and go to state 184
    DEFAULT  shift, and go to state 185

    $default  reduce using rule 80 (case_list)

    case_list  go to state 196
    case_stmt  go to state 187


state 188

   47 assign: ID LBRACKET expr RBRACKET LBRACKET expr RBRACKET . '=' expr ';'

    '='  shift, and go to state 197


state 189

   46 assign: ID LBRACKET expr RBRACKET '=' expr ';' .

    $default  reduce using rule 46 (assign)


state 190

   44 decl: INT ID LBRACKET NUM RBRACKET LBRACKET NUM . RBRACKET ';'

    RBRACKET  shift, and go to state 198


state 191

   51 expr: expr . '+' expr
   52     | expr . '-' expr
   53     | expr . '*' expr
   54     | expr . '/' expr
   55     | expr . '%' expr
   56     | expr . '<' expr
   57     | expr . '>' expr
   58     | expr . EQ expr
   59     | expr . LE expr
   60     | expr . GE expr
   61     | expr . NEQ expr
   62     | expr . AND expr
   63     | expr . OR expr
   71     | expr . IS value_list
   76 for_stmt: FOR LPAREN ID '=' expr ';' expr . ';' ID '=' expr RPAREN stmt

    AND  shift, and go to state 50
    OR   shift, and go to state 51
    EQ   shift, and go to state 52
    LE   shift, and go to state 53
    GE   shift, and go to state 54
    NEQ  shift, and go to state 55
    IS   shift, and go to state 56
    '<'  shift, and go to state 57
    '>'  shift, and go to state 58
    '+'  shift, and go to state 59
    '-'  shift, and go to state 60
    '*'  shift, and go to state 61
    '/'  shift, and go to state 62
    '%'  shift, and go to state 63
    ';'  shift, and go to state 199


state 192

   78 if_stmt: IF LPAREN expr RPAREN stmt ELSE stmt .

    $default  reduce using rule 78 (if_stmt)


state 193

   82 case_stmt: CASE NUM . COLON stmt_list
   83          | CASE NUM . COLON

    COLON  shift, and go to state 200


state 194

   15 block: . LBRACE stmt_list RBRACE
   16      | . LBRACE RBRACE
   25 stmt_list: . stmt
   26          | . stmt_list stmt
   27 stmt: . decl
   28     | . assign
   29     | . print_stmt
   30     | . while_stmt
   31     | . for_stmt
   32     | . if_stmt
   33     | . switch_stmt
   34     | . block
   35     | . BREAK ';'
   36     | . RETURN expr ';'
   37     | . RETURN ';'
   38     | . ID LPAREN expr RPAREN ';'
   39     | . ID LPAREN RPAREN ';'
   40 decl: . INT ID ';'
   41     | . DOUBLE ID ';'
   42     | . INT ID '=' expr ';'
   43     | . INT ID LBRACKET NUM RBRACKET ';'
   44     | . INT ID LBRACKET NUM RBRACKET LBRACKET NUM RBRACKET ';'
   45 assign: . ID '=' expr ';'
   46       | . ID LBRACKET expr RBRACKET '=' expr ';'
   47       | . ID LBRACKET expr RBRACKET LBRACKET expr RBRACKET '=' expr ';'
   74 print_stmt: . PRINT LPAREN expr RPAREN ';'
   75 while_stmt: . WHILE LPAREN expr RPAREN stmt
   76 for_stmt: . FOR LPAREN ID '=' expr ';' expr ';' ID '=' expr RPAREN stmt
   77 if_stmt: . IF LPAREN expr RPAREN stmt
   78        | . IF LPAREN expr RPAREN stmt ELSE stmt
   79 switch_stmt: . SWITCH LPAREN expr RPAREN LBRACE case_list RBRACE
   84 case_stmt: DEFAULT COLON . stmt_list
   85          | DEFAULT COLON .  [RBRACE, CASE, DEFAULT]

    ID      shift, and go to state 94
    INT     shift, and go to state 95
    DOUBLE  shift, and go to state 96
    PRINT   shift, and go to state 97
    WHILE   shift, and go to state 98
    FOR     shift, and go to state 99
    IF      shift, and go to state 100
    RETURN  shift, and go to state 101
    LBRACE  shift, and go to state 65
    SWITCH  shift, and go to state 103
    BREAK   shift, and go to state 104

    $default  reduce using rule 85 (case_stmt)

    block        go to state 105
    stmt_list    go to state 201
    stmt         go to state 107
    decl         go to state 108
    assign       go to state 109
    print_stmt   go to state 110
    while_stmt   go to state 111
    for_stmt     go to state 112
    if_stmt      go to state 113
    switch_stmt  go to state 114


state 195

   79 switch_stmt: SWITCH LPAREN expr RPAREN LBRACE case_list RBRACE .

    $default  reduce using rule 79 (switch_stmt)


state 196

   81 case_list: case_stmt case_list .

    $default  reduce using rule 81 (case_list)


state 197

   47 assign: ID LBRACKET expr RBRACKET LBRACKET expr RBRACKET '=' . expr ';'
   48 expr: . NUM
   49     | . FLOAT_NUM
   50     | . ID
   51     | . expr '+' expr
   52     | . expr '-' expr
   53     | . expr '*' expr
   54     | . expr '/' expr
   55     | . expr '%' expr
   56     | . expr '<' expr
   57     | . expr '>' expr
   58     | . expr EQ expr
   59     | . expr LE expr
   60     | . expr GE expr
   61     | . expr NEQ expr
   62     | . expr AND expr
   63     | . expr OR expr
   64     | . NOT expr
   65     | . '-' expr
   66     | . LPAREN expr RPAREN
   67     | . ID LBRACKET expr RBRACKET
   68     | . ID LBRACKET expr RBRACKET LBRACKET expr RBRACKET
   69     | . ID LPAREN expr RPAREN
   70     | . ID LPAREN RPAREN
   71     | . expr IS value_list

    NUM        shift, and go to state 30
    FLOAT_NUM  shift, and go to state 31
    ID         shift, and go to state 32
    LPAREN     shift, and go to state 33
    NOT        shift, and go to state 34
    '-'        shift, and go to state 35

    expr  go to state 202


state 198

   44 decl: INT ID LBRACKET NUM RBRACKET LBRACKET NUM RBRACKET . ';'

    ';'  shift, and go to state 203


state 199

   76 for_stmt: FOR LPAREN ID '=' expr ';' expr ';' . ID '=' expr RPAREN stmt

    ID  shift, and go to state 204


state 200

   15 block: . LBRACE stmt_list RBRACE
   16      | . LBRACE RBRACE
   25 stmt_list: . stmt
   26          | . stmt_list stmt
   27 stmt: . decl
   28     | . assign
   29     | . print_stmt
   30     | . while_stmt
   31     | . for_stmt
   32     | . if_stmt
   33     | . switch_stmt
   34     | . block
   35     | . BREAK ';'
   36     | . RETURN expr ';'
   37     | . RETURN ';'
   38     | . ID LPAREN expr RPAREN ';'
   39     | . ID LPAREN RPAREN ';'
   40 decl: . INT ID ';'
   41     | . DOUBLE ID ';'
   42     | . INT ID '=' expr ';'
   43     | . INT ID LBRACKET NUM RBRACKET ';'
   44     | . INT ID LBRACKET NUM RBRACKET LBRACKET NUM RBRACKET ';'
   45 assign: . ID '=' expr ';'
   46       | . ID LBRACKET expr RBRACKET '=' expr ';'
   47       | . ID LBRACKET expr RBRACKET LBRACKET expr RBRACKET '=' expr ';'
   74 print_stmt: . PRINT LPAREN expr RPAREN ';'
   75 while_stmt: . WHILE LPAREN expr RPAREN stmt
   76 for_stmt: . FOR LPAREN ID '=' expr ';' expr ';' ID '=' expr RPAREN stmt
   77 if_stmt: . IF LPAREN expr RPAREN stmt
   78        | . IF LPAREN expr RPAREN stmt ELSE stmt
   79 switch_stmt: . SWITCH LPAREN expr RPAREN LBRACE case_list RBRACE
   82 case_stmt: CASE NUM COLON . stmt_list
   83          | CASE NUM COLON .  [RBRACE, CASE, DEFAULT]

    ID      shift, and go to state 94
    INT     shift, and go to state 95
    DOUBLE  shift, and go to state 96
    PRINT   shift, and go to state 97
    WHILE   shift, and go to state 98
    FOR     shift, and go to state 99
    IF      shift, and go to state 100
    RETURN  shift, and go to state 101
    LBRACE  shift, and go to state 65
    SWITCH  shift, and go to state 103
    BREAK   shift, and go to state 104

    $default  reduce using rule 83 (case_stmt)

    block        go to state 105
    stmt_list    go to state 205
    stmt         go to state 107
    decl         go to state 108
    assign       go to state 109
    print_stmt   go to state 110
    while_stmt   go to state 111
    for_stmt     go to state 112
    if_stmt      go to state 113
    switch_stmt  go to state 114


state 201

   15 block: . LBRACE stmt_list RBRACE
   16      | . LBRACE RBRACE
   26 stmt_list: stmt_list . stmt
   27 stmt: . decl
   28     | . assign
   29     | . print_stmt
   30     | . while_stmt
   31     | . for_stmt
   32     | . if_stmt
   33     | . switch_stmt
   34     | . block
   35     | . BREAK ';'
   36     | . RETURN expr ';'
   37     | . RETURN ';'
   38     | . ID LPAREN expr RPAREN ';'
   39     | . ID LPAREN RPAREN ';'
   40 decl: . INT ID ';'
   41     | . DOUBLE ID ';'
   42     | . INT ID '=' expr ';'
   43     | . INT ID LBRACKET NUM RBRACKET ';'
   44     | . INT ID LBRACKET NUM RBRACKET LBRACKET NUM RBRACKET ';'
   45 assign: . ID '=' expr ';'
   46       | . ID LBRACKET expr RBRACKET '=' expr ';'
   47       | . ID LBRACKET expr RBRACKET LBRACKET expr RBRACKET '=' expr ';'
   74 print_stmt: . PRINT LPAREN expr RPAREN ';'
   75 while_stmt: . WHILE LPAREN expr RPAREN stmt
   76 for_stmt: . FOR LPAREN ID '=' expr ';' expr ';' ID '=' expr RPAREN stmt
   77 if_stmt: . IF LPAREN expr RPAREN stmt
   78        | . IF LPAREN expr RPAREN stmt ELSE stmt
   79 switch_stmt: . SWITCH LPAREN expr RPAREN LBRACE case_list RBRACE
   84 case_stmt: DEFAULT COLON stmt_list .  [RBRACE, CASE, DEFAULT]

    ID      shift, and go to state 94
    INT     shift, and go to state 95
    DOUBLE  shift, and go to state 96
    PRINT   shift, and go to state 97
    WHILE   shift, and go to state 98
    FOR     shift, and go to state 99
    IF      shift, and go to state 100
    RETURN  shift, and go to state 101
    LBRACE  shift, and go to state 65
    SWITCH  shift, and go to state 103
    BREAK   shift, and go to state 104

    $default  reduce using rule 84 (case_stmt)

    block        go to state 105
    stmt         go to state 136
    decl         go to state 108
    assign       go to state 109
    print_stmt   go to state 110
    while_stmt   go to state 111
    for_stmt     go to state 112
    if_stmt      go to state 113
    switch_stmt  go to state 114


state 202

   47 assign: ID LBRACKET expr RBRACKET LBRACKET expr RBRACKET '=' expr . ';'
   51 expr: expr . '+' expr
   52     | expr . '-' expr
   53     | expr . '*' expr
   54     | expr . '/' expr
   55     | expr . '%' expr
   56     | expr . '<' expr
   57     | expr . '>' expr
   58     | expr . EQ expr
   59     | expr . LE expr
   60     | expr . GE expr
   61     | expr . NEQ expr
   62     | expr . AND expr
   63     | expr . OR expr
   71     | expr . IS value_list

    AND  shift, and go to state 50
    OR   shift, and go to state 51
    EQ   shift, and go to state 52
    LE   shift, and go to state 53
    GE   shift, and go to state 54
    NEQ  shift, and go to state 55
    IS   shift, and go to state 56
    '<'  shift, and go to state 57
    '>'  shift, and go to state 58
    '+'  shift, and go to state 59
    '-'  shift, and go to state 60
    '*'  shift, and go to state 61
    '/'  shift, and go to state 62
    '%'  shift, and go to state 63
    ';'  shift, and go to state 206


state 203

   44 decl: INT ID LBRACKET NUM RBRACKET LBRACKET NUM RBRACKET ';' .

    $default  reduce using rule 44 (decl)


state 204

   76 for_stmt: FOR LPAREN ID '=' expr ';' expr ';' ID . '=' expr RPAREN stmt

    '='  shift, and go to state 207


state 205

   15 block: . LBRACE stmt_list RBRACE
   16      | . LBRACE RBRACE
   26 stmt_list: stmt_list . stmt
   27 stmt: . decl
   28     | . assign
   29     | . print_stmt
   30     | . while_stmt
   31     | . for_stmt
   32     | . if_stmt
   33     | . switch_stmt
   34     | . block
   35     | . BREAK ';'
   36     | . RETURN expr ';'
   37     | . RETURN ';'
   38     | . ID LPAREN expr RPAREN ';'
   39     | . ID LPAREN RPAREN ';'
   40 decl: . INT ID ';'
   41     | . DOUBLE ID ';'
   42     | . INT ID '=' expr ';'
   43     | . INT ID LBRACKET NUM RBRACKET ';'
   44     | . INT ID LBRACKET NUM RBRACKET LBRACKET NUM RBRACKET ';'
   45 assign: . ID '=' expr ';'
   46       | . ID LBRACKET expr RBRACKET '=' expr ';'
   47       | . ID LBRACKET expr RBRACKET LBRACKET expr RBRACKET '=' expr ';'
   74 print_stmt: . PRINT LPAREN expr RPAREN ';'
   75 while_stmt: . WHILE LPAREN expr RPAREN stmt
   76 for_stmt: . FOR LPAREN ID '=' expr ';' expr ';' ID '=' expr RPAREN stmt
   77 if_stmt: . IF LPAREN expr RPAREN stmt
   78        | . IF LPAREN expr RPAREN stmt ELSE stmt
   79 switch_stmt: . SWITCH LPAREN expr RPAREN LBRACE case_list RBRACE
   82 case_stmt: CASE NUM COLON stmt_list .  [RBRACE, CASE, DEFAULT]

    ID      shift, and go to state 94
    INT     shift, and go to state 95
    DOUBLE  shift, and go to state 96
    PRINT   shift, and go to state 97
    WHILE   shift, and go to state 98
    FOR     shift, and go to state 99
    IF      shift, and go to state 100
    RETURN  shift, and go to state 101
    LBRACE  shift, and go to state 65
    SWITCH  shift, and go to state 103
    BREAK   shift, and go to state 104

    $default  reduce using rule 82 (case_stmt)

    block        go to state 105
    stmt         go to state 136
    decl         go to state 108
    assign       go to state 109
    print_stmt   go to state 110
    while_stmt   go to state 111
    for_stmt     go to state 112
    if_stmt      go to state 113
    switch_stmt  go to state 114


state 206

   47 assign: ID LBRACKET expr RBRACKET LBRACKET expr RBRACKET '=' expr ';' .

    $default  reduce using rule 47 (assign)


state 207

   48 expr: . NUM
   49     | . FLOAT_NUM
   50     | . ID
   51     | . expr '+' expr
   52     | . expr '-' expr
   53     | . expr '*' expr
   54     | . expr '/' expr
   55     | . expr '%' expr
   56     | . expr '<' expr
   57     | . expr '>' expr
   58     | . expr EQ expr
   59     | . expr LE expr
   60     | . expr GE expr
   61     | . expr NEQ expr
   62     | . expr AND expr
   63     | . expr OR expr
   64     | . NOT expr
   65     | . '-' expr
   66     | . LPAREN expr RPAREN
   67     | . ID LBRACKET expr RBRACKET
   68     | . ID LBRACKET expr RBRACKET LBRACKET expr RBRACKET
   69     | . ID LPAREN expr RPAREN
   70     | . ID LPAREN RPAREN
   71     | . expr IS value_list
   76 for_stmt: FOR LPAREN ID '=' expr ';' expr ';' ID '=' . expr RPAREN stmt

    NUM        shift, and go to state 30
    FLOAT_NUM  shift, and go to state 31
    ID         shift, and go to state 32
    LPAREN     shift, and go to state 33
    NOT        shift, and go to state 34
    '-'        shift, and go to state 35

    expr  go to state 208


state 208

   51 expr: expr . '+' expr
   52     | expr . '-' expr
   53     | expr . '*' expr
   54     | expr . '/' expr
   55     | expr . '%' expr
   56     | expr . '<' expr
   57     | expr . '>' expr
   58     | expr . EQ expr
   59     | expr . LE expr
   60     | expr . GE expr
   61     | expr . NEQ expr
   62     | expr . AND expr
   63     | expr . OR expr
   71     | expr . IS value_list
   76 for_stmt: FOR LPAREN ID '=' expr ';' expr ';' ID '=' expr . RPAREN stmt

    RPAREN  shift, and go to state 209
    AND     shift, and go to state 50
    OR      shift, and go to state 51
    EQ      shift, and go to state 52
    LE      shift, and go to state 53
    GE      shift, and go to state 54
    NEQ     shift, and go to state 55
    IS      shift, and go to state 56
    '<'     shift, and go to state 57
    '>'     shift, and go to state 58
    '+'     shift, and go to state 59
    '-'     shift, and go to state 60
    '*'     shift, and go to state 61
    '/'     shift, and go to state 62
    '%'     shift, and go to state 63


state 209

   15 block: . LBRACE stmt_list RBRACE
   16      | . LBRACE RBRACE
   27 stmt: . decl
   28     | . assign
   29     | . print_stmt
   30     | . while_stmt
   31     | . for_stmt
   32     | . if_stmt
   33     | . switch_stmt
   34     | . block
   35     | . BREAK ';'
   36     | . RETURN expr ';'
   37     | . RETURN ';'
   38     | . ID LPAREN expr RPAREN ';'
   39     | . ID LPAREN RPAREN ';'
   40 decl: . INT ID ';'
   41     | . DOUBLE ID ';'
   42     | . INT ID '=' expr ';'
   43     | . INT ID LBRACKET NUM RBRACKET ';'
   44     | . INT ID LBRACKET NUM RBRACKET LBRACKET NUM RBRACKET ';'
   45 assign: . ID '=' expr ';'
   46       | . ID LBRACKET expr RBRACKET '=' expr ';'
   47       | . ID LBRACKET expr RBRACKET LBRACKET expr RBRACKET '=' expr ';'
   74 print_stmt: . PRINT LPAREN expr RPAREN ';'
   75 while_stmt: . WHILE LPAREN expr RPAREN stmt
   76 for_stmt: . FOR LPAREN ID '=' expr ';' expr ';' ID '=' expr RPAREN stmt
   76         | FOR LPAREN ID '=' expr ';' expr ';' ID '=' expr RPAREN . stmt
   77 if_stmt: . IF LPAREN expr RPAREN stmt
   78        | . IF LPAREN expr RPAREN stmt ELSE stmt
   79 switch_stmt: . SWITCH LPAREN expr RPAREN LBRACE case_list RBRACE

    ID      shift, and go to state 94
    INT     shift, and go to state 95
    DOUBLE  shift, and go to state 96
    PRINT   shift, and go to state 97
    WHILE   shift, and go to state 98
    FOR     shift, and go to state 99
    IF      shift, and go to state 100
    RETURN  shift, and go to state 101
    LBRACE  shift, and go to state 65
    SWITCH  shift, and go to state 103
    BREAK   shift, and go to state 104

    block        go to state 105
    stmt         go to state 210
    decl         go to state 108
    assign       go to state 109
    print_stmt   go to state 110
    while_stmt   go to state 111
    for_stmt     go to state 112
    if_stmt      go to state 113
    switch_stmt  go to state 114


state 210

   76 for_stmt: FOR LPAREN ID '=' expr ';' expr ';' ID '=' expr RPAREN stmt .

    $default  reduce using rule 76 (for_stmt)
